,jfel,jmis,jot,pri,gender,age,charge,Race,two_year_recid
0,0.0,0.0,0.0,1.0,0.0,1.0,0.0,0.0,1
3,0.0,1.0,1.0,1.0,0.0,0.0,0.0,0.0,1
7,0.0,0.0,0.0,0.0,0.0,2.0,0.0,1.0,0
8,0.0,0.0,0.0,1.0,0.0,1.0,0.0,1.0,0
9,0.0,0.0,0.0,0.0,0.0,1.0,1.0,1.0,0
10,0.0,0.0,0.0,1.0,0.0,2.0,0.0,1.0,0
11,0.0,0.0,0.0,1.0,1.0,1.0,1.0,0.0,1
13,0.0,0.0,1.0,1.0,0.0,0.0,1.0,0.0,1
14,0.0,0.0,0.0,1.0,0.0,1.0,1.0,0.0,1
17,0.0,0.0,0.0,1.0,1.0,1.0,0.0,0.0,1
18,0.0,0.0,0.0,1.0,0.0,1.0,0.0,0.0,0
20,0.0,0.0,0.0,1.0,0.0,1.0,1.0,0.0,1
21,0.0,0.0,0.0,1.0,0.0,1.0,0.0,1.0,1
22,0.0,0.0,0.0,1.0,1.0,2.0,1.0,0.0,0
29,0.0,0.0,0.0,1.0,0.0,1.0,0.0,0.0,0
30,0.0,0.0,0.0,0.0,0.0,2.0,1.0,0.0,0
32,0.0,0.0,0.0,0.0,0.0,1.0,0.0,1.0,1
36,0.0,0.0,0.0,0.0,0.0,1.0,1.0,0.0,0
38,1.0,0.0,0.0,1.0,0.0,1.0,1.0,0.0,1
39,0.0,0.0,0.0,0.0,0.0,2.0,1.0,0.0,0
42,0.0,0.0,1.0,1.0,0.0,0.0,0.0,1.0,0
43,0.0,0.0,1.0,1.0,0.0,1.0,0.0,0.0,1
44,0.0,1.0,0.0,1.0,0.0,1.0,0.0,0.0,1
46,0.0,0.0,0.0,0.0,0.0,2.0,1.0,1.0,0
50,0.0,1.0,0.0,1.0,0.0,0.0,0.0,0.0,0
51,0.0,0.0,0.0,1.0,0.0,1.0,0.0,1.0,0
52,0.0,0.0,0.0,1.0,0.0,1.0,1.0,0.0,1
56,0.0,0.0,0.0,1.0,0.0,2.0,0.0,0.0,1
57,0.0,0.0,0.0,1.0,0.0,1.0,0.0,0.0,1
58,0.0,0.0,0.0,0.0,1.0,1.0,1.0,1.0,0
59,0.0,0.0,0.0,1.0,1.0,0.0,0.0,0.0,1
69,0.0,0.0,0.0,1.0,0.0,2.0,1.0,0.0,1
73,0.0,0.0,0.0,1.0,1.0,0.0,0.0,1.0,0
75,0.0,0.0,0.0,1.0,0.0,2.0,0.0,1.0,1
77,0.0,0.0,0.0,1.0,0.0,2.0,1.0,1.0,0
79,0.0,0.0,0.0,1.0,0.0,2.0,1.0,1.0,0
81,0.0,1.0,0.0,1.0,0.0,0.0,0.0,0.0,0
86,0.0,0.0,0.0,0.0,0.0,1.0,0.0,1.0,1
87,0.0,0.0,0.0,0.0,0.0,0.0,0.0,0.0,1
88,0.0,0.0,0.0,0.0,0.0,1.0,0.0,0.0,0
90,1.0,0.0,1.0,1.0,0.0,0.0,0.0,0.0,1
92,0.0,0.0,0.0,1.0,0.0,2.0,0.0,1.0,0
93,0.0,0.0,0.0,1.0,0.0,1.0,1.0,1.0,1
96,0.0,0.0,0.0,0.0,1.0,1.0,0.0,1.0,0
97,0.0,0.0,0.0,0.0,0.0,2.0,1.0,1.0,0
98,0.0,0.0,0.0,1.0,0.0,2.0,1.0,1.0,0
100,0.0,0.0,0.0,1.0,1.0,0.0,0.0,0.0,1
102,0.0,0.0,0.0,1.0,0.0,1.0,0.0,0.0,0
103,0.0,0.0,0.0,0.0,0.0,1.0,1.0,0.0,0
105,0.0,0.0,0.0,1.0,0.0,2.0,0.0,1.0,0
106,0.0,0.0,0.0,1.0,0.0,2.0,0.0,1.0,1
109,0.0,0.0,0.0,0.0,0.0,2.0,0.0,1.0,1
110,0.0,0.0,0.0,1.0,0.0,2.0,0.0,0.0,0
111,0.0,0.0,0.0,1.0,0.0,1.0,0.0,0.0,1
113,0.0,0.0,0.0,1.0,0.0,2.0,0.0,1.0,0
115,0.0,0.0,0.0,1.0,0.0,1.0,1.0,0.0,0
116,0.0,0.0,0.0,0.0,0.0,1.0,0.0,1.0,0
117,0.0,0.0,0.0,1.0,0.0,2.0,1.0,0.0,0
120,0.0,0.0,0.0,1.0,0.0,0.0,0.0,0.0,1
122,0.0,0.0,0.0,1.0,1.0,1.0,1.0,1.0,0
126,0.0,0.0,0.0,1.0,0.0,1.0,0.0,0.0,0
128,0.0,0.0,0.0,1.0,0.0,1.0,0.0,0.0,1
129,0.0,0.0,0.0,1.0,0.0,1.0,0.0,0.0,1
130,0.0,0.0,0.0,1.0,0.0,1.0,0.0,1.0,0
131,0.0,0.0,0.0,0.0,0.0,1.0,0.0,1.0,0
132,0.0,0.0,0.0,1.0,0.0,2.0,0.0,0.0,0
133,0.0,0.0,0.0,0.0,0.0,1.0,0.0,1.0,0
135,0.0,0.0,0.0,1.0,0.0,2.0,1.0,1.0,1
137,0.0,0.0,0.0,1.0,0.0,2.0,0.0,1.0,1
138,0.0,0.0,0.0,0.0,0.0,2.0,0.0,1.0,0
139,0.0,0.0,0.0,1.0,0.0,2.0,1.0,1.0,0
143,0.0,0.0,0.0,1.0,0.0,1.0,0.0,0.0,1
144,0.0,0.0,0.0,1.0,0.0,1.0,1.0,1.0,1
145,0.0,0.0,0.0,1.0,0.0,1.0,1.0,0.0,1
147,0.0,0.0,0.0,1.0,0.0,2.0,1.0,0.0,1
148,0.0,0.0,0.0,1.0,0.0,1.0,0.0,1.0,1
149,0.0,0.0,0.0,1.0,0.0,0.0,0.0,0.0,1
150,0.0,0.0,0.0,1.0,1.0,0.0,0.0,0.0,1
152,0.0,0.0,0.0,1.0,0.0,2.0,0.0,0.0,0
154,0.0,0.0,0.0,1.0,0.0,2.0,0.0,0.0,0
155,0.0,0.0,0.0,1.0,0.0,1.0,0.0,1.0,1
156,0.0,0.0,0.0,1.0,0.0,2.0,1.0,1.0,0
160,0.0,0.0,0.0,1.0,0.0,1.0,0.0,0.0,0
161,0.0,0.0,0.0,1.0,0.0,0.0,0.0,0.0,1
162,0.0,0.0,0.0,1.0,0.0,1.0,0.0,0.0,0
164,0.0,1.0,0.0,1.0,0.0,1.0,1.0,0.0,0
165,0.0,0.0,0.0,1.0,0.0,2.0,0.0,0.0,0
167,0.0,0.0,0.0,0.0,1.0,0.0,1.0,0.0,0
168,0.0,1.0,0.0,1.0,0.0,0.0,0.0,0.0,0
169,0.0,0.0,0.0,0.0,0.0,1.0,1.0,0.0,1
170,0.0,0.0,0.0,1.0,1.0,1.0,0.0,0.0,1
173,0.0,0.0,0.0,1.0,0.0,1.0,1.0,1.0,0
177,0.0,0.0,0.0,1.0,0.0,1.0,0.0,0.0,0
178,0.0,0.0,0.0,0.0,1.0,1.0,0.0,1.0,0
179,0.0,0.0,0.0,1.0,0.0,1.0,0.0,1.0,1
180,0.0,0.0,0.0,1.0,0.0,1.0,1.0,1.0,0
181,0.0,0.0,0.0,1.0,0.0,1.0,0.0,1.0,1
183,0.0,0.0,0.0,0.0,0.0,1.0,0.0,1.0,1
186,0.0,0.0,0.0,1.0,0.0,2.0,0.0,0.0,0
188,0.0,0.0,0.0,0.0,0.0,1.0,0.0,1.0,0
189,0.0,0.0,0.0,1.0,0.0,0.0,0.0,0.0,1
190,0.0,0.0,0.0,1.0,0.0,2.0,0.0,0.0,0
195,0.0,0.0,1.0,1.0,0.0,0.0,0.0,0.0,0
196,0.0,0.0,0.0,1.0,0.0,1.0,1.0,0.0,0
197,0.0,0.0,0.0,1.0,1.0,1.0,0.0,0.0,1
198,0.0,0.0,0.0,0.0,0.0,0.0,0.0,0.0,0
199,0.0,0.0,0.0,0.0,0.0,1.0,0.0,0.0,1
200,0.0,1.0,0.0,1.0,0.0,1.0,0.0,0.0,1
201,0.0,0.0,0.0,1.0,1.0,2.0,0.0,1.0,0
202,0.0,0.0,0.0,1.0,0.0,1.0,0.0,0.0,0
204,0.0,0.0,0.0,1.0,0.0,0.0,0.0,0.0,0
205,0.0,0.0,0.0,0.0,0.0,0.0,0.0,1.0,1
206,0.0,0.0,0.0,0.0,0.0,0.0,1.0,0.0,1
208,0.0,0.0,1.0,0.0,0.0,0.0,0.0,0.0,1
213,0.0,1.0,0.0,1.0,0.0,1.0,0.0,1.0,1
219,0.0,0.0,1.0,1.0,0.0,0.0,1.0,0.0,0
224,0.0,0.0,0.0,0.0,0.0,2.0,0.0,1.0,1
225,0.0,0.0,0.0,1.0,0.0,1.0,1.0,0.0,0
230,0.0,0.0,0.0,1.0,0.0,2.0,0.0,1.0,0
233,0.0,0.0,0.0,1.0,0.0,1.0,0.0,1.0,0
234,0.0,0.0,0.0,1.0,0.0,0.0,0.0,0.0,1
237,0.0,0.0,0.0,0.0,1.0,1.0,0.0,1.0,0
239,0.0,0.0,0.0,1.0,0.0,1.0,0.0,0.0,1
240,0.0,0.0,0.0,1.0,0.0,2.0,1.0,1.0,1
242,0.0,0.0,0.0,1.0,0.0,1.0,1.0,1.0,1
245,0.0,0.0,0.0,0.0,0.0,1.0,1.0,1.0,0
246,0.0,0.0,0.0,1.0,1.0,1.0,1.0,0.0,0
247,0.0,0.0,1.0,1.0,0.0,0.0,0.0,0.0,0
248,0.0,0.0,0.0,0.0,0.0,1.0,1.0,1.0,0
249,0.0,0.0,0.0,1.0,0.0,1.0,1.0,1.0,0
250,0.0,0.0,0.0,0.0,1.0,2.0,1.0,1.0,0
252,0.0,0.0,0.0,0.0,1.0,0.0,0.0,0.0,0
257,0.0,0.0,0.0,1.0,0.0,1.0,1.0,1.0,0
261,0.0,0.0,0.0,0.0,1.0,0.0,0.0,1.0,0
262,0.0,0.0,0.0,0.0,0.0,1.0,1.0,1.0,1
263,0.0,0.0,0.0,1.0,0.0,1.0,0.0,0.0,1
264,0.0,0.0,0.0,0.0,0.0,0.0,0.0,0.0,1
265,0.0,0.0,0.0,0.0,0.0,1.0,0.0,0.0,0
268,0.0,0.0,0.0,1.0,0.0,2.0,1.0,1.0,0
269,0.0,0.0,0.0,1.0,0.0,0.0,0.0,0.0,1
270,0.0,0.0,0.0,0.0,1.0,0.0,0.0,0.0,0
271,0.0,0.0,0.0,0.0,0.0,2.0,1.0,0.0,1
273,0.0,0.0,0.0,0.0,0.0,1.0,0.0,1.0,0
274,0.0,0.0,0.0,1.0,0.0,1.0,0.0,1.0,0
277,0.0,0.0,0.0,1.0,1.0,1.0,0.0,1.0,1
281,0.0,0.0,0.0,1.0,0.0,1.0,0.0,0.0,0
282,0.0,0.0,0.0,1.0,0.0,2.0,0.0,0.0,1
283,0.0,0.0,0.0,1.0,0.0,2.0,1.0,0.0,0
285,0.0,0.0,1.0,1.0,0.0,1.0,0.0,0.0,1
288,0.0,0.0,0.0,1.0,1.0,1.0,0.0,0.0,1
291,0.0,0.0,0.0,1.0,0.0,0.0,0.0,0.0,1
292,1.0,0.0,0.0,1.0,0.0,0.0,0.0,1.0,0
295,0.0,0.0,0.0,1.0,0.0,2.0,0.0,0.0,1
300,0.0,0.0,0.0,1.0,0.0,2.0,1.0,1.0,1
302,0.0,0.0,0.0,1.0,0.0,1.0,0.0,0.0,0
304,0.0,0.0,0.0,1.0,0.0,2.0,0.0,0.0,0
307,0.0,0.0,0.0,0.0,0.0,1.0,0.0,1.0,1
308,0.0,0.0,0.0,1.0,0.0,1.0,1.0,0.0,1
309,0.0,0.0,0.0,1.0,0.0,1.0,0.0,1.0,0
310,0.0,0.0,0.0,1.0,0.0,1.0,0.0,1.0,0
311,0.0,0.0,0.0,0.0,0.0,2.0,1.0,0.0,0
312,0.0,0.0,0.0,1.0,0.0,1.0,0.0,1.0,0
314,0.0,0.0,0.0,1.0,1.0,0.0,1.0,1.0,0
318,0.0,0.0,0.0,0.0,0.0,2.0,1.0,1.0,0
319,0.0,0.0,0.0,0.0,0.0,2.0,0.0,0.0,0
321,0.0,0.0,0.0,1.0,1.0,1.0,0.0,0.0,0
322,0.0,0.0,0.0,0.0,0.0,0.0,0.0,0.0,1
324,0.0,0.0,0.0,1.0,0.0,1.0,0.0,0.0,1
325,0.0,0.0,0.0,0.0,1.0,1.0,0.0,0.0,1
326,0.0,1.0,0.0,1.0,0.0,0.0,0.0,0.0,1
327,0.0,0.0,1.0,0.0,0.0,0.0,0.0,0.0,0
332,0.0,0.0,1.0,1.0,1.0,0.0,1.0,1.0,1
333,0.0,0.0,0.0,1.0,1.0,1.0,1.0,1.0,1
334,0.0,0.0,0.0,0.0,0.0,2.0,1.0,1.0,0
335,0.0,0.0,0.0,1.0,0.0,1.0,0.0,1.0,0
336,0.0,0.0,0.0,1.0,0.0,1.0,0.0,0.0,0
338,0.0,0.0,0.0,0.0,0.0,1.0,1.0,1.0,0
339,0.0,0.0,0.0,1.0,0.0,1.0,1.0,0.0,0
342,0.0,0.0,0.0,1.0,0.0,1.0,0.0,0.0,0
344,0.0,0.0,0.0,1.0,1.0,1.0,0.0,0.0,0
345,0.0,0.0,0.0,1.0,1.0,1.0,0.0,0.0,0
346,0.0,0.0,0.0,0.0,0.0,0.0,0.0,0.0,1
347,0.0,0.0,0.0,1.0,0.0,2.0,1.0,0.0,0
348,0.0,1.0,0.0,1.0,0.0,0.0,0.0,0.0,1
349,0.0,0.0,0.0,1.0,0.0,1.0,0.0,0.0,1
352,0.0,0.0,0.0,0.0,0.0,1.0,1.0,1.0,0
354,0.0,0.0,0.0,1.0,0.0,1.0,1.0,0.0,0
355,0.0,0.0,0.0,0.0,0.0,0.0,0.0,1.0,0
357,0.0,0.0,0.0,1.0,0.0,1.0,1.0,0.0,1
358,0.0,0.0,0.0,0.0,0.0,0.0,0.0,0.0,0
360,0.0,0.0,0.0,1.0,0.0,1.0,0.0,0.0,0
362,0.0,0.0,0.0,1.0,0.0,2.0,0.0,0.0,0
363,0.0,0.0,0.0,1.0,0.0,0.0,0.0,1.0,0
364,0.0,1.0,0.0,1.0,1.0,1.0,0.0,0.0,0
365,0.0,0.0,0.0,0.0,0.0,1.0,0.0,0.0,1
366,0.0,0.0,0.0,1.0,0.0,2.0,1.0,0.0,1
370,0.0,0.0,0.0,0.0,0.0,2.0,0.0,0.0,1
372,0.0,0.0,0.0,0.0,1.0,1.0,1.0,1.0,0
374,0.0,0.0,0.0,1.0,0.0,0.0,0.0,0.0,1
375,0.0,0.0,0.0,1.0,0.0,1.0,0.0,0.0,0
376,0.0,0.0,1.0,1.0,0.0,0.0,1.0,1.0,0
377,0.0,0.0,0.0,0.0,0.0,1.0,0.0,1.0,1
379,0.0,0.0,0.0,1.0,0.0,1.0,0.0,1.0,1
384,0.0,0.0,0.0,0.0,0.0,0.0,0.0,1.0,0
387,0.0,0.0,0.0,1.0,0.0,2.0,0.0,0.0,1
388,0.0,0.0,0.0,1.0,1.0,1.0,0.0,0.0,0
391,0.0,0.0,0.0,0.0,0.0,0.0,1.0,0.0,0
392,0.0,0.0,0.0,1.0,0.0,2.0,1.0,1.0,0
395,0.0,0.0,0.0,1.0,0.0,0.0,0.0,1.0,0
396,0.0,0.0,0.0,1.0,1.0,1.0,0.0,0.0,0
399,0.0,0.0,0.0,1.0,1.0,1.0,0.0,1.0,1
400,0.0,0.0,0.0,0.0,0.0,1.0,1.0,0.0,0
403,0.0,0.0,0.0,1.0,0.0,1.0,1.0,1.0,1
404,0.0,0.0,0.0,0.0,0.0,1.0,0.0,0.0,0
405,1.0,0.0,0.0,1.0,0.0,0.0,0.0,0.0,0
409,0.0,0.0,0.0,1.0,0.0,2.0,0.0,1.0,1
410,0.0,0.0,0.0,1.0,0.0,1.0,0.0,0.0,1
411,0.0,0.0,0.0,1.0,0.0,0.0,0.0,1.0,1
414,0.0,0.0,0.0,0.0,0.0,2.0,1.0,1.0,0
415,0.0,0.0,0.0,1.0,1.0,2.0,0.0,1.0,1
417,2.0,1.0,0.0,1.0,0.0,1.0,0.0,0.0,0
420,0.0,0.0,0.0,0.0,0.0,1.0,1.0,1.0,1
421,0.0,0.0,0.0,1.0,1.0,1.0,0.0,0.0,0
422,0.0,1.0,0.0,1.0,0.0,1.0,0.0,0.0,1
424,0.0,0.0,0.0,0.0,0.0,0.0,1.0,1.0,0
426,0.0,1.0,0.0,1.0,0.0,1.0,1.0,0.0,0
429,0.0,0.0,0.0,1.0,0.0,1.0,0.0,1.0,0
430,1.0,0.0,0.0,1.0,0.0,0.0,1.0,0.0,0
432,0.0,0.0,0.0,1.0,0.0,2.0,0.0,1.0,0
433,0.0,0.0,0.0,1.0,0.0,2.0,0.0,1.0,1
438,0.0,0.0,0.0,1.0,0.0,0.0,0.0,0.0,1
441,0.0,0.0,0.0,1.0,0.0,1.0,0.0,0.0,1
445,0.0,0.0,0.0,1.0,0.0,1.0,0.0,0.0,0
446,0.0,0.0,0.0,0.0,1.0,2.0,1.0,1.0,1
448,0.0,0.0,0.0,1.0,0.0,1.0,0.0,0.0,0
453,0.0,0.0,0.0,1.0,0.0,2.0,1.0,0.0,0
455,0.0,0.0,1.0,1.0,0.0,0.0,0.0,0.0,1
458,1.0,0.0,1.0,1.0,0.0,1.0,1.0,0.0,1
459,0.0,0.0,0.0,1.0,1.0,2.0,0.0,0.0,0
460,0.0,0.0,0.0,1.0,0.0,1.0,0.0,0.0,0
462,0.0,0.0,0.0,1.0,0.0,1.0,0.0,1.0,0
464,0.0,0.0,0.0,0.0,0.0,0.0,0.0,1.0,1
465,0.0,0.0,0.0,0.0,0.0,0.0,1.0,1.0,0
466,0.0,0.0,0.0,0.0,0.0,1.0,0.0,1.0,0
469,0.0,0.0,0.0,1.0,1.0,1.0,0.0,0.0,0
470,0.0,0.0,0.0,1.0,0.0,1.0,0.0,0.0,1
471,0.0,0.0,0.0,1.0,0.0,0.0,0.0,0.0,0
472,1.0,0.0,0.0,1.0,0.0,1.0,0.0,0.0,0
473,1.0,0.0,0.0,1.0,0.0,1.0,0.0,0.0,1
475,0.0,0.0,0.0,0.0,1.0,2.0,0.0,1.0,0
476,0.0,0.0,1.0,1.0,0.0,1.0,1.0,0.0,1
477,0.0,0.0,0.0,1.0,0.0,1.0,0.0,0.0,1
479,0.0,0.0,0.0,1.0,1.0,1.0,0.0,0.0,1
482,0.0,0.0,0.0,1.0,0.0,2.0,0.0,1.0,0
483,0.0,0.0,0.0,0.0,1.0,1.0,1.0,1.0,1
485,0.0,0.0,0.0,1.0,0.0,2.0,0.0,1.0,0
487,0.0,0.0,0.0,0.0,0.0,1.0,0.0,0.0,1
488,0.0,0.0,0.0,1.0,0.0,2.0,0.0,1.0,0
490,0.0,0.0,0.0,1.0,0.0,2.0,0.0,0.0,1
491,0.0,0.0,0.0,0.0,0.0,0.0,1.0,0.0,0
492,0.0,0.0,0.0,1.0,0.0,1.0,1.0,1.0,0
493,0.0,0.0,0.0,1.0,0.0,2.0,0.0,1.0,0
494,0.0,0.0,0.0,1.0,0.0,1.0,0.0,0.0,0
496,0.0,0.0,0.0,1.0,0.0,1.0,1.0,0.0,0
501,0.0,0.0,0.0,1.0,0.0,1.0,0.0,0.0,0
502,0.0,0.0,0.0,0.0,0.0,0.0,1.0,0.0,0
504,1.0,0.0,0.0,1.0,0.0,1.0,0.0,0.0,1
507,0.0,0.0,0.0,1.0,0.0,2.0,1.0,1.0,0
509,0.0,0.0,0.0,1.0,0.0,1.0,0.0,1.0,1
510,0.0,0.0,0.0,1.0,0.0,1.0,1.0,0.0,1
512,0.0,0.0,1.0,1.0,0.0,1.0,0.0,0.0,1
516,0.0,0.0,0.0,1.0,0.0,1.0,0.0,0.0,1
518,0.0,0.0,0.0,1.0,0.0,1.0,0.0,1.0,0
519,0.0,0.0,0.0,1.0,0.0,2.0,0.0,1.0,1
521,0.0,0.0,0.0,1.0,0.0,1.0,1.0,1.0,1
522,0.0,0.0,0.0,1.0,0.0,1.0,0.0,0.0,1
525,0.0,0.0,0.0,0.0,0.0,2.0,0.0,1.0,0
528,0.0,0.0,0.0,0.0,0.0,1.0,0.0,0.0,0
529,0.0,0.0,0.0,1.0,0.0,0.0,1.0,0.0,0
530,0.0,0.0,0.0,0.0,0.0,1.0,0.0,1.0,1
531,0.0,1.0,0.0,1.0,0.0,1.0,0.0,0.0,1
534,0.0,1.0,1.0,1.0,0.0,0.0,0.0,0.0,0
535,0.0,0.0,0.0,1.0,0.0,1.0,0.0,1.0,0
538,0.0,0.0,0.0,1.0,0.0,2.0,1.0,1.0,0
542,0.0,0.0,0.0,1.0,0.0,2.0,1.0,0.0,0
543,0.0,0.0,0.0,1.0,0.0,2.0,0.0,0.0,1
546,0.0,0.0,0.0,1.0,0.0,1.0,0.0,1.0,1
547,0.0,0.0,0.0,1.0,0.0,1.0,0.0,0.0,1
550,0.0,0.0,0.0,0.0,0.0,2.0,0.0,1.0,0
553,0.0,0.0,0.0,1.0,0.0,1.0,0.0,1.0,1
554,0.0,0.0,0.0,0.0,0.0,0.0,1.0,1.0,0
557,0.0,0.0,1.0,1.0,0.0,0.0,0.0,1.0,0
558,0.0,0.0,0.0,0.0,0.0,0.0,0.0,0.0,0
561,0.0,0.0,0.0,1.0,1.0,0.0,1.0,0.0,0
563,0.0,1.0,0.0,1.0,0.0,1.0,0.0,0.0,1
565,0.0,0.0,0.0,0.0,0.0,0.0,1.0,0.0,0
566,0.0,0.0,0.0,1.0,0.0,1.0,0.0,1.0,1
568,0.0,0.0,0.0,1.0,0.0,1.0,0.0,1.0,0
571,0.0,0.0,0.0,1.0,1.0,0.0,0.0,0.0,0
575,0.0,0.0,0.0,1.0,0.0,0.0,0.0,0.0,0
578,0.0,0.0,0.0,1.0,0.0,1.0,0.0,1.0,0
579,0.0,0.0,0.0,0.0,0.0,0.0,1.0,1.0,0
583,0.0,0.0,0.0,0.0,1.0,0.0,0.0,0.0,1
585,0.0,0.0,0.0,1.0,0.0,1.0,0.0,0.0,0
586,0.0,0.0,0.0,1.0,0.0,0.0,0.0,0.0,0
588,0.0,1.0,0.0,1.0,0.0,1.0,1.0,0.0,0
590,0.0,0.0,0.0,1.0,0.0,0.0,1.0,1.0,1
592,0.0,0.0,0.0,1.0,0.0,1.0,0.0,0.0,1
593,0.0,0.0,0.0,1.0,1.0,2.0,0.0,1.0,0
599,1.0,0.0,0.0,1.0,0.0,1.0,0.0,0.0,1
600,0.0,0.0,0.0,1.0,0.0,1.0,1.0,0.0,1
601,0.0,0.0,0.0,1.0,0.0,0.0,0.0,0.0,1
602,0.0,0.0,0.0,1.0,0.0,1.0,0.0,1.0,0
603,0.0,0.0,0.0,1.0,0.0,2.0,0.0,1.0,0
605,0.0,0.0,0.0,1.0,0.0,1.0,0.0,0.0,1
607,1.0,0.0,0.0,1.0,1.0,0.0,0.0,0.0,1
608,0.0,0.0,0.0,1.0,0.0,1.0,0.0,0.0,0
610,0.0,0.0,0.0,1.0,0.0,0.0,1.0,1.0,1
615,0.0,0.0,0.0,1.0,0.0,2.0,1.0,1.0,1
617,0.0,0.0,1.0,1.0,0.0,1.0,1.0,0.0,1
622,0.0,0.0,0.0,1.0,0.0,1.0,1.0,0.0,0
623,0.0,0.0,0.0,1.0,0.0,1.0,0.0,0.0,1
624,0.0,0.0,0.0,0.0,0.0,1.0,0.0,0.0,0
625,0.0,0.0,0.0,1.0,1.0,2.0,0.0,1.0,0
626,0.0,0.0,0.0,1.0,0.0,1.0,0.0,0.0,0
630,1.0,0.0,0.0,1.0,0.0,0.0,0.0,0.0,1
633,0.0,0.0,0.0,1.0,0.0,0.0,0.0,0.0,0
635,0.0,0.0,0.0,0.0,0.0,2.0,0.0,0.0,0
638,0.0,0.0,0.0,1.0,0.0,2.0,0.0,1.0,1
640,0.0,0.0,0.0,1.0,0.0,1.0,0.0,0.0,0
641,0.0,0.0,1.0,1.0,0.0,0.0,0.0,0.0,1
642,0.0,0.0,0.0,1.0,1.0,1.0,0.0,0.0,0
643,0.0,0.0,0.0,1.0,0.0,0.0,0.0,0.0,1
644,0.0,0.0,0.0,0.0,0.0,1.0,0.0,0.0,0
645,0.0,0.0,0.0,0.0,0.0,1.0,0.0,0.0,0
646,0.0,0.0,1.0,1.0,0.0,1.0,0.0,1.0,1
647,0.0,0.0,0.0,0.0,1.0,1.0,0.0,0.0,0
654,0.0,0.0,0.0,1.0,0.0,0.0,0.0,1.0,1
660,0.0,0.0,0.0,1.0,0.0,1.0,0.0,0.0,0
663,0.0,0.0,0.0,0.0,1.0,1.0,0.0,0.0,1
664,0.0,0.0,0.0,0.0,1.0,1.0,0.0,0.0,0
667,0.0,0.0,0.0,1.0,0.0,1.0,0.0,1.0,0
669,0.0,0.0,0.0,0.0,0.0,1.0,0.0,1.0,0
671,0.0,0.0,0.0,0.0,0.0,1.0,0.0,1.0,1
675,0.0,0.0,0.0,1.0,1.0,1.0,1.0,1.0,0
677,0.0,0.0,0.0,1.0,0.0,1.0,0.0,1.0,1
678,0.0,0.0,0.0,1.0,0.0,1.0,0.0,0.0,0
679,0.0,0.0,0.0,1.0,0.0,0.0,1.0,1.0,1
682,0.0,0.0,0.0,0.0,0.0,0.0,0.0,0.0,0
683,0.0,0.0,0.0,1.0,0.0,2.0,1.0,0.0,1
684,0.0,0.0,0.0,0.0,0.0,0.0,0.0,0.0,1
685,0.0,0.0,0.0,1.0,1.0,2.0,1.0,0.0,0
686,0.0,0.0,0.0,1.0,1.0,1.0,1.0,0.0,1
687,0.0,0.0,0.0,1.0,0.0,2.0,0.0,0.0,0
688,0.0,0.0,0.0,0.0,1.0,0.0,0.0,0.0,1
689,0.0,0.0,0.0,1.0,0.0,1.0,1.0,0.0,0
691,0.0,1.0,1.0,1.0,0.0,1.0,0.0,0.0,1
693,0.0,0.0,0.0,1.0,0.0,1.0,0.0,0.0,1
694,0.0,0.0,0.0,1.0,0.0,1.0,0.0,0.0,0
697,0.0,0.0,0.0,1.0,0.0,0.0,0.0,0.0,0
698,0.0,0.0,0.0,1.0,0.0,2.0,0.0,0.0,0
701,0.0,0.0,0.0,1.0,1.0,2.0,0.0,0.0,0
702,0.0,0.0,0.0,1.0,0.0,1.0,0.0,1.0,1
703,0.0,0.0,0.0,1.0,0.0,1.0,1.0,1.0,0
706,0.0,0.0,0.0,0.0,0.0,1.0,0.0,0.0,0
710,0.0,0.0,0.0,0.0,1.0,0.0,0.0,0.0,1
712,0.0,0.0,0.0,0.0,0.0,0.0,1.0,1.0,1
713,0.0,0.0,0.0,1.0,0.0,2.0,1.0,0.0,0
714,0.0,0.0,0.0,1.0,0.0,2.0,0.0,1.0,1
716,0.0,0.0,0.0,0.0,0.0,0.0,0.0,0.0,1
717,0.0,0.0,0.0,1.0,1.0,0.0,0.0,0.0,0
718,0.0,0.0,0.0,0.0,0.0,0.0,1.0,1.0,1
719,0.0,0.0,0.0,1.0,0.0,2.0,0.0,0.0,0
721,0.0,0.0,0.0,1.0,0.0,0.0,0.0,1.0,0
722,0.0,0.0,0.0,1.0,0.0,1.0,0.0,0.0,1
723,0.0,0.0,0.0,0.0,1.0,0.0,0.0,1.0,0
724,0.0,0.0,0.0,1.0,0.0,1.0,0.0,1.0,0
727,0.0,0.0,0.0,1.0,0.0,2.0,1.0,0.0,1
728,0.0,0.0,0.0,1.0,0.0,1.0,0.0,0.0,1
731,0.0,0.0,0.0,0.0,0.0,1.0,1.0,1.0,1
736,0.0,2.0,2.0,1.0,0.0,1.0,0.0,0.0,1
740,0.0,0.0,0.0,1.0,0.0,1.0,1.0,1.0,0
741,0.0,0.0,0.0,0.0,1.0,2.0,1.0,1.0,0
743,0.0,0.0,0.0,1.0,0.0,1.0,0.0,0.0,1
745,0.0,1.0,0.0,1.0,0.0,0.0,0.0,1.0,1
746,0.0,0.0,0.0,1.0,0.0,2.0,0.0,1.0,0
750,0.0,0.0,0.0,0.0,1.0,2.0,1.0,1.0,0
751,0.0,1.0,0.0,1.0,0.0,1.0,1.0,0.0,1
753,0.0,0.0,0.0,1.0,0.0,1.0,0.0,0.0,0
754,0.0,0.0,0.0,1.0,0.0,1.0,0.0,1.0,1
755,0.0,0.0,0.0,0.0,0.0,0.0,1.0,0.0,0
756,0.0,0.0,0.0,1.0,1.0,2.0,0.0,1.0,0
757,0.0,0.0,0.0,1.0,1.0,1.0,0.0,0.0,0
758,0.0,0.0,0.0,1.0,1.0,1.0,1.0,0.0,0
759,0.0,0.0,0.0,1.0,0.0,1.0,0.0,1.0,0
763,0.0,0.0,0.0,1.0,0.0,1.0,0.0,0.0,0
765,0.0,0.0,0.0,1.0,0.0,1.0,0.0,0.0,1
766,0.0,0.0,0.0,1.0,0.0,2.0,0.0,1.0,0
767,0.0,0.0,1.0,1.0,0.0,1.0,1.0,0.0,0
768,0.0,0.0,0.0,1.0,0.0,1.0,0.0,1.0,0
769,0.0,0.0,0.0,1.0,0.0,1.0,0.0,0.0,0
776,0.0,0.0,0.0,1.0,0.0,1.0,1.0,0.0,1
777,0.0,0.0,0.0,0.0,0.0,1.0,0.0,1.0,0
778,0.0,0.0,1.0,0.0,0.0,1.0,1.0,0.0,0
781,0.0,0.0,0.0,1.0,0.0,2.0,1.0,1.0,0
784,0.0,0.0,0.0,0.0,1.0,0.0,0.0,0.0,0
787,0.0,0.0,0.0,1.0,1.0,0.0,0.0,0.0,0
789,0.0,0.0,0.0,1.0,1.0,1.0,1.0,1.0,0
790,1.0,0.0,0.0,1.0,0.0,2.0,1.0,0.0,1
794,0.0,0.0,0.0,0.0,0.0,1.0,1.0,1.0,0
797,0.0,0.0,0.0,0.0,0.0,1.0,1.0,0.0,0
798,0.0,0.0,0.0,0.0,1.0,2.0,0.0,1.0,1
799,0.0,0.0,0.0,1.0,0.0,0.0,0.0,1.0,0
802,0.0,0.0,0.0,1.0,0.0,1.0,1.0,0.0,1
803,0.0,0.0,0.0,1.0,0.0,2.0,0.0,1.0,0
806,0.0,0.0,0.0,1.0,1.0,1.0,0.0,0.0,1
808,0.0,0.0,0.0,1.0,1.0,1.0,0.0,0.0,0
809,0.0,0.0,1.0,1.0,0.0,1.0,1.0,1.0,1
813,0.0,0.0,0.0,1.0,0.0,2.0,0.0,1.0,0
814,0.0,0.0,0.0,1.0,0.0,1.0,1.0,0.0,1
815,0.0,0.0,0.0,0.0,1.0,2.0,1.0,1.0,0
816,0.0,0.0,0.0,1.0,0.0,0.0,1.0,1.0,1
820,0.0,0.0,1.0,0.0,0.0,1.0,0.0,0.0,0
821,0.0,0.0,1.0,1.0,0.0,1.0,0.0,1.0,1
822,0.0,0.0,0.0,1.0,0.0,2.0,0.0,0.0,1
823,0.0,0.0,0.0,1.0,0.0,1.0,0.0,1.0,1
824,0.0,0.0,1.0,1.0,0.0,1.0,0.0,1.0,0
825,0.0,0.0,0.0,0.0,0.0,2.0,1.0,1.0,0
827,0.0,0.0,0.0,1.0,0.0,2.0,0.0,0.0,0
828,0.0,0.0,0.0,1.0,1.0,1.0,1.0,1.0,1
832,0.0,0.0,0.0,0.0,0.0,0.0,0.0,0.0,0
837,0.0,0.0,0.0,1.0,0.0,0.0,0.0,0.0,1
840,0.0,0.0,0.0,1.0,0.0,1.0,0.0,0.0,1
841,0.0,0.0,1.0,1.0,0.0,0.0,0.0,1.0,0
843,0.0,0.0,0.0,1.0,1.0,1.0,1.0,0.0,1
845,0.0,0.0,0.0,1.0,0.0,1.0,0.0,0.0,1
850,0.0,0.0,1.0,0.0,0.0,0.0,1.0,1.0,0
851,0.0,0.0,0.0,1.0,0.0,1.0,0.0,0.0,0
853,0.0,0.0,0.0,1.0,0.0,1.0,0.0,0.0,1
855,0.0,0.0,0.0,1.0,0.0,1.0,0.0,1.0,1
857,0.0,0.0,0.0,1.0,0.0,2.0,0.0,1.0,0
861,0.0,0.0,0.0,1.0,0.0,2.0,1.0,1.0,0
862,0.0,0.0,0.0,1.0,0.0,0.0,0.0,0.0,0
864,0.0,0.0,0.0,1.0,1.0,1.0,0.0,1.0,1
865,0.0,0.0,0.0,1.0,0.0,0.0,1.0,0.0,0
866,0.0,0.0,0.0,1.0,0.0,1.0,0.0,1.0,0
870,0.0,0.0,0.0,1.0,0.0,1.0,1.0,1.0,0
871,0.0,0.0,0.0,0.0,0.0,2.0,1.0,0.0,0
873,0.0,0.0,0.0,1.0,0.0,1.0,1.0,0.0,0
879,1.0,0.0,0.0,1.0,0.0,1.0,0.0,1.0,1
880,0.0,0.0,0.0,1.0,1.0,1.0,1.0,0.0,0
882,0.0,0.0,1.0,1.0,0.0,1.0,1.0,1.0,1
884,0.0,0.0,0.0,1.0,0.0,2.0,1.0,0.0,0
885,0.0,0.0,0.0,1.0,0.0,1.0,0.0,0.0,0
889,0.0,1.0,1.0,1.0,0.0,1.0,0.0,0.0,1
890,0.0,0.0,0.0,0.0,0.0,1.0,1.0,0.0,0
891,0.0,1.0,0.0,1.0,0.0,1.0,1.0,0.0,1
893,0.0,0.0,0.0,1.0,0.0,2.0,1.0,1.0,1
896,0.0,0.0,0.0,0.0,1.0,0.0,1.0,0.0,0
901,0.0,0.0,0.0,1.0,0.0,1.0,0.0,0.0,0
906,0.0,0.0,0.0,0.0,0.0,1.0,1.0,0.0,0
908,0.0,0.0,0.0,0.0,0.0,1.0,1.0,0.0,0
912,0.0,0.0,0.0,0.0,0.0,2.0,0.0,1.0,0
914,0.0,0.0,0.0,0.0,0.0,1.0,1.0,0.0,0
915,0.0,1.0,1.0,1.0,0.0,1.0,0.0,0.0,1
916,0.0,0.0,0.0,1.0,0.0,1.0,0.0,0.0,1
917,0.0,0.0,0.0,0.0,1.0,0.0,0.0,1.0,1
922,0.0,0.0,0.0,0.0,0.0,1.0,0.0,1.0,1
924,0.0,1.0,1.0,1.0,0.0,0.0,0.0,0.0,1
925,0.0,0.0,0.0,0.0,0.0,1.0,1.0,0.0,1
928,0.0,0.0,0.0,1.0,0.0,2.0,1.0,0.0,0
929,0.0,0.0,0.0,1.0,0.0,1.0,0.0,0.0,1
930,0.0,0.0,0.0,1.0,0.0,1.0,0.0,0.0,0
931,0.0,0.0,0.0,0.0,0.0,2.0,1.0,1.0,0
932,0.0,0.0,0.0,0.0,0.0,1.0,1.0,1.0,1
933,0.0,0.0,0.0,1.0,0.0,1.0,0.0,0.0,1
938,0.0,0.0,0.0,0.0,0.0,0.0,0.0,1.0,1
939,0.0,0.0,1.0,1.0,1.0,0.0,1.0,1.0,0
940,0.0,0.0,0.0,1.0,0.0,1.0,0.0,0.0,0
941,0.0,0.0,0.0,0.0,0.0,2.0,0.0,1.0,0
942,0.0,1.0,0.0,1.0,0.0,1.0,1.0,0.0,1
943,0.0,0.0,0.0,0.0,0.0,1.0,1.0,1.0,0
945,0.0,0.0,0.0,0.0,0.0,1.0,1.0,0.0,0
946,0.0,0.0,0.0,1.0,0.0,1.0,0.0,0.0,1
948,0.0,0.0,0.0,1.0,0.0,2.0,0.0,1.0,0
951,0.0,0.0,0.0,1.0,1.0,2.0,0.0,1.0,1
954,0.0,0.0,0.0,0.0,0.0,0.0,0.0,0.0,1
955,0.0,0.0,0.0,1.0,1.0,1.0,0.0,1.0,0
957,0.0,0.0,0.0,1.0,0.0,1.0,0.0,0.0,0
959,0.0,0.0,0.0,1.0,0.0,2.0,0.0,0.0,0
961,0.0,1.0,1.0,1.0,0.0,1.0,0.0,0.0,1
962,0.0,0.0,0.0,1.0,1.0,1.0,1.0,1.0,0
963,0.0,0.0,0.0,1.0,1.0,1.0,0.0,1.0,1
967,0.0,1.0,1.0,1.0,0.0,0.0,0.0,1.0,1
969,0.0,0.0,0.0,1.0,0.0,1.0,1.0,0.0,1
970,0.0,0.0,0.0,0.0,0.0,1.0,1.0,1.0,1
971,0.0,0.0,0.0,1.0,0.0,1.0,0.0,0.0,0
974,0.0,0.0,0.0,1.0,0.0,1.0,0.0,0.0,0
975,0.0,0.0,0.0,1.0,0.0,1.0,0.0,0.0,0
976,0.0,0.0,0.0,0.0,1.0,0.0,1.0,1.0,0
979,0.0,0.0,0.0,0.0,0.0,1.0,0.0,0.0,0
980,1.0,1.0,1.0,1.0,1.0,0.0,0.0,0.0,0
982,0.0,0.0,1.0,1.0,0.0,1.0,0.0,0.0,1
983,0.0,0.0,0.0,1.0,0.0,1.0,0.0,1.0,1
987,0.0,0.0,0.0,1.0,1.0,1.0,0.0,1.0,0
988,0.0,0.0,0.0,1.0,0.0,2.0,0.0,1.0,0
989,0.0,0.0,0.0,1.0,0.0,2.0,0.0,0.0,0
990,0.0,0.0,0.0,1.0,0.0,2.0,1.0,0.0,0
992,0.0,0.0,0.0,1.0,0.0,1.0,0.0,0.0,0
993,0.0,0.0,0.0,0.0,0.0,1.0,1.0,0.0,0
996,0.0,0.0,0.0,0.0,0.0,1.0,0.0,0.0,1
998,0.0,0.0,0.0,1.0,0.0,1.0,0.0,0.0,0
1002,0.0,0.0,0.0,1.0,0.0,2.0,0.0,1.0,0
1005,0.0,0.0,0.0,1.0,0.0,1.0,1.0,0.0,0
1006,0.0,0.0,0.0,1.0,0.0,1.0,0.0,0.0,1
1007,0.0,0.0,0.0,1.0,0.0,1.0,0.0,1.0,0
1009,0.0,0.0,0.0,1.0,0.0,1.0,1.0,0.0,1
1010,0.0,0.0,0.0,0.0,0.0,1.0,0.0,1.0,1
1013,0.0,0.0,0.0,0.0,0.0,0.0,0.0,0.0,0
1014,0.0,0.0,0.0,1.0,0.0,1.0,0.0,0.0,1
1015,1.0,0.0,0.0,1.0,0.0,1.0,0.0,1.0,0
1018,0.0,0.0,0.0,1.0,0.0,1.0,1.0,0.0,0
1019,0.0,0.0,1.0,1.0,0.0,1.0,1.0,1.0,0
1022,0.0,1.0,0.0,1.0,0.0,0.0,1.0,1.0,1
1023,0.0,0.0,0.0,0.0,1.0,2.0,1.0,1.0,0
1024,0.0,0.0,0.0,1.0,0.0,2.0,1.0,1.0,0
1025,0.0,0.0,0.0,0.0,0.0,1.0,1.0,0.0,0
1026,0.0,1.0,0.0,1.0,0.0,0.0,0.0,0.0,1
1028,0.0,0.0,0.0,1.0,0.0,1.0,0.0,1.0,1
1030,0.0,0.0,0.0,0.0,1.0,1.0,1.0,1.0,0
1038,0.0,0.0,0.0,1.0,0.0,2.0,0.0,0.0,1
1039,0.0,0.0,0.0,1.0,0.0,2.0,0.0,1.0,1
1042,1.0,0.0,0.0,1.0,0.0,1.0,0.0,0.0,1
1043,0.0,0.0,0.0,1.0,1.0,1.0,0.0,1.0,1
1044,0.0,0.0,0.0,1.0,0.0,1.0,0.0,0.0,0
1045,0.0,0.0,0.0,0.0,0.0,2.0,0.0,1.0,0
1050,0.0,0.0,0.0,0.0,0.0,0.0,1.0,0.0,1
1051,0.0,0.0,0.0,1.0,0.0,0.0,0.0,0.0,1
1052,0.0,0.0,0.0,1.0,0.0,0.0,0.0,1.0,1
1053,0.0,0.0,0.0,0.0,0.0,1.0,1.0,1.0,0
1056,0.0,0.0,0.0,1.0,0.0,1.0,0.0,0.0,1
1060,0.0,0.0,0.0,1.0,1.0,1.0,1.0,1.0,1
1062,0.0,0.0,0.0,1.0,1.0,1.0,1.0,0.0,1
1063,0.0,0.0,0.0,1.0,1.0,1.0,1.0,1.0,1
1064,0.0,0.0,0.0,1.0,0.0,1.0,0.0,1.0,0
1066,0.0,0.0,0.0,0.0,1.0,0.0,0.0,0.0,0
1067,0.0,0.0,0.0,0.0,0.0,1.0,0.0,1.0,0
1069,0.0,0.0,0.0,1.0,0.0,1.0,1.0,1.0,0
1071,0.0,1.0,0.0,1.0,0.0,1.0,0.0,0.0,1
1073,0.0,0.0,0.0,1.0,1.0,2.0,1.0,1.0,0
1075,0.0,0.0,0.0,1.0,1.0,2.0,1.0,1.0,1
1078,0.0,0.0,1.0,1.0,0.0,0.0,0.0,0.0,1
1079,0.0,0.0,0.0,1.0,0.0,1.0,0.0,1.0,0
1081,0.0,0.0,0.0,1.0,0.0,2.0,0.0,0.0,0
1083,0.0,0.0,0.0,1.0,0.0,1.0,0.0,0.0,1
1084,0.0,0.0,0.0,1.0,1.0,2.0,0.0,0.0,0
1085,0.0,1.0,0.0,1.0,0.0,0.0,0.0,1.0,1
1086,0.0,0.0,0.0,0.0,1.0,1.0,1.0,1.0,0
1088,0.0,0.0,0.0,1.0,0.0,1.0,0.0,0.0,1
1089,0.0,0.0,0.0,0.0,0.0,0.0,0.0,0.0,1
1092,0.0,0.0,0.0,1.0,0.0,0.0,0.0,1.0,0
1103,0.0,0.0,0.0,1.0,0.0,1.0,0.0,1.0,1
1104,0.0,0.0,0.0,1.0,0.0,1.0,1.0,1.0,1
1106,0.0,0.0,0.0,1.0,0.0,2.0,0.0,0.0,0
1107,0.0,0.0,0.0,1.0,0.0,1.0,1.0,1.0,0
1108,0.0,0.0,1.0,1.0,1.0,1.0,0.0,1.0,0
1112,0.0,0.0,0.0,1.0,1.0,1.0,1.0,1.0,1
1114,0.0,0.0,0.0,0.0,0.0,1.0,0.0,1.0,0
1115,0.0,1.0,0.0,1.0,0.0,1.0,0.0,0.0,1
1121,0.0,0.0,0.0,1.0,0.0,1.0,0.0,0.0,1
1122,0.0,0.0,0.0,1.0,1.0,1.0,0.0,0.0,1
1123,0.0,0.0,0.0,1.0,1.0,1.0,1.0,1.0,0
1124,0.0,0.0,0.0,0.0,0.0,2.0,0.0,1.0,0
1125,0.0,0.0,0.0,1.0,0.0,2.0,0.0,0.0,0
1126,0.0,0.0,1.0,1.0,0.0,1.0,1.0,0.0,1
1127,0.0,0.0,0.0,1.0,0.0,1.0,1.0,0.0,0
1128,0.0,0.0,0.0,1.0,0.0,1.0,0.0,0.0,1
1130,0.0,0.0,0.0,1.0,0.0,1.0,0.0,0.0,0
1131,0.0,0.0,0.0,1.0,0.0,1.0,0.0,0.0,0
1132,0.0,0.0,1.0,1.0,0.0,1.0,0.0,0.0,1
1133,0.0,0.0,0.0,1.0,1.0,1.0,0.0,0.0,0
1136,0.0,0.0,0.0,1.0,0.0,1.0,0.0,1.0,0
1138,1.0,0.0,0.0,1.0,0.0,1.0,0.0,0.0,1
1139,0.0,0.0,0.0,1.0,0.0,1.0,0.0,0.0,1
1140,0.0,0.0,0.0,1.0,0.0,1.0,0.0,1.0,1
1145,0.0,0.0,0.0,0.0,1.0,0.0,0.0,0.0,0
1148,0.0,0.0,1.0,1.0,0.0,0.0,0.0,0.0,1
1149,0.0,0.0,0.0,1.0,0.0,1.0,0.0,0.0,0
1153,0.0,0.0,0.0,1.0,0.0,2.0,1.0,0.0,0
1157,0.0,0.0,0.0,1.0,0.0,1.0,1.0,1.0,1
1158,0.0,0.0,0.0,0.0,0.0,0.0,1.0,1.0,1
1160,0.0,0.0,0.0,1.0,0.0,1.0,0.0,0.0,1
1161,0.0,0.0,0.0,1.0,0.0,1.0,1.0,1.0,1
1162,0.0,0.0,0.0,0.0,1.0,0.0,1.0,1.0,0
1164,0.0,0.0,0.0,0.0,0.0,0.0,1.0,0.0,0
1165,0.0,0.0,0.0,1.0,0.0,0.0,1.0,0.0,1
1166,0.0,0.0,0.0,1.0,0.0,1.0,1.0,1.0,0
1168,0.0,0.0,0.0,1.0,0.0,1.0,1.0,1.0,0
1172,0.0,1.0,0.0,1.0,0.0,0.0,1.0,0.0,1
1174,0.0,0.0,0.0,0.0,1.0,1.0,1.0,1.0,1
1175,0.0,0.0,0.0,0.0,1.0,2.0,1.0,1.0,0
1176,0.0,0.0,0.0,1.0,0.0,1.0,0.0,1.0,1
1177,0.0,0.0,0.0,1.0,0.0,1.0,1.0,0.0,1
1178,0.0,0.0,0.0,1.0,0.0,1.0,1.0,1.0,0
1179,0.0,0.0,0.0,1.0,0.0,1.0,0.0,1.0,0
1181,0.0,0.0,0.0,0.0,0.0,0.0,0.0,0.0,1
1183,0.0,0.0,0.0,1.0,0.0,1.0,1.0,0.0,0
1187,0.0,0.0,0.0,0.0,0.0,0.0,0.0,0.0,0
1188,0.0,0.0,0.0,1.0,0.0,1.0,0.0,0.0,0
1191,0.0,0.0,0.0,0.0,1.0,1.0,0.0,0.0,1
1192,0.0,0.0,0.0,1.0,0.0,2.0,0.0,1.0,1
1193,0.0,1.0,0.0,1.0,0.0,1.0,1.0,0.0,1
1194,1.0,0.0,0.0,1.0,0.0,0.0,0.0,0.0,1
1196,0.0,0.0,0.0,1.0,0.0,1.0,0.0,0.0,0
1198,0.0,0.0,0.0,1.0,0.0,1.0,0.0,1.0,1
1200,0.0,0.0,0.0,1.0,0.0,1.0,0.0,0.0,1
1205,0.0,0.0,0.0,0.0,0.0,2.0,1.0,1.0,0
1206,0.0,1.0,0.0,1.0,0.0,1.0,0.0,0.0,1
1207,0.0,0.0,0.0,1.0,0.0,2.0,0.0,0.0,1
1209,0.0,0.0,0.0,0.0,0.0,2.0,0.0,1.0,0
1212,0.0,0.0,0.0,1.0,0.0,2.0,0.0,1.0,0
1215,0.0,0.0,0.0,1.0,0.0,2.0,1.0,0.0,0
1216,0.0,0.0,0.0,0.0,0.0,0.0,0.0,1.0,1
1218,0.0,0.0,0.0,1.0,1.0,2.0,0.0,1.0,0
1219,0.0,0.0,0.0,1.0,0.0,1.0,0.0,1.0,0
1221,0.0,0.0,1.0,0.0,0.0,0.0,0.0,1.0,1
1222,0.0,0.0,0.0,1.0,0.0,1.0,0.0,0.0,0
1223,0.0,0.0,1.0,1.0,0.0,0.0,1.0,0.0,1
1224,1.0,0.0,1.0,1.0,0.0,0.0,0.0,0.0,1
1225,0.0,0.0,0.0,1.0,1.0,1.0,0.0,0.0,1
1228,0.0,0.0,0.0,1.0,1.0,2.0,0.0,0.0,0
1229,0.0,0.0,0.0,1.0,0.0,1.0,1.0,0.0,0
1230,0.0,0.0,0.0,0.0,0.0,2.0,1.0,0.0,1
1236,0.0,0.0,0.0,1.0,0.0,0.0,0.0,1.0,1
1237,0.0,0.0,0.0,1.0,0.0,1.0,0.0,0.0,0
1242,0.0,0.0,0.0,1.0,1.0,1.0,0.0,0.0,1
1243,0.0,0.0,0.0,1.0,0.0,0.0,0.0,0.0,1
1248,0.0,0.0,0.0,1.0,1.0,1.0,1.0,0.0,0
1249,0.0,0.0,0.0,0.0,0.0,2.0,0.0,1.0,0
1251,0.0,0.0,0.0,1.0,1.0,1.0,0.0,0.0,0
1252,0.0,0.0,1.0,1.0,0.0,1.0,1.0,0.0,1
1253,0.0,0.0,0.0,0.0,0.0,0.0,0.0,1.0,1
1254,0.0,0.0,0.0,1.0,0.0,1.0,0.0,0.0,0
1255,0.0,0.0,0.0,1.0,0.0,0.0,0.0,0.0,0
1256,0.0,0.0,0.0,1.0,0.0,2.0,0.0,1.0,0
1260,0.0,0.0,0.0,1.0,0.0,1.0,0.0,1.0,0
1264,0.0,0.0,0.0,1.0,0.0,1.0,1.0,0.0,0
1265,0.0,0.0,0.0,0.0,1.0,0.0,0.0,0.0,0
1269,0.0,0.0,0.0,1.0,0.0,2.0,0.0,0.0,0
1270,0.0,0.0,0.0,1.0,1.0,2.0,0.0,0.0,1
1272,0.0,0.0,0.0,0.0,0.0,0.0,0.0,1.0,0
1279,0.0,0.0,0.0,0.0,1.0,2.0,1.0,0.0,0
1281,0.0,0.0,0.0,1.0,0.0,0.0,0.0,0.0,0
1283,0.0,0.0,0.0,1.0,0.0,0.0,0.0,1.0,0
1284,0.0,0.0,0.0,1.0,0.0,1.0,0.0,0.0,0
1285,0.0,0.0,1.0,1.0,0.0,1.0,0.0,0.0,1
1292,0.0,0.0,0.0,0.0,1.0,0.0,0.0,1.0,0
1296,0.0,0.0,0.0,1.0,1.0,1.0,0.0,0.0,0
1297,0.0,0.0,0.0,1.0,0.0,2.0,0.0,0.0,0
1298,0.0,0.0,0.0,1.0,0.0,2.0,1.0,1.0,0
1299,0.0,0.0,0.0,1.0,0.0,2.0,0.0,1.0,1
1300,0.0,0.0,0.0,1.0,0.0,1.0,1.0,1.0,1
1302,0.0,0.0,1.0,1.0,0.0,0.0,0.0,1.0,0
1308,0.0,0.0,0.0,0.0,0.0,1.0,0.0,0.0,0
1311,0.0,0.0,0.0,1.0,0.0,0.0,0.0,0.0,0
1313,0.0,1.0,0.0,1.0,0.0,1.0,0.0,0.0,0
1317,0.0,0.0,0.0,1.0,1.0,2.0,0.0,1.0,1
1318,0.0,0.0,0.0,1.0,1.0,2.0,0.0,1.0,0
1320,0.0,0.0,0.0,0.0,1.0,0.0,1.0,0.0,0
1321,0.0,0.0,0.0,1.0,0.0,1.0,0.0,0.0,1
1322,0.0,0.0,0.0,0.0,0.0,2.0,0.0,0.0,0
1327,0.0,0.0,0.0,0.0,0.0,2.0,1.0,1.0,0
1330,0.0,0.0,0.0,1.0,0.0,0.0,0.0,1.0,0
1332,0.0,0.0,0.0,1.0,1.0,2.0,0.0,0.0,0
1333,0.0,0.0,0.0,1.0,0.0,1.0,0.0,0.0,1
1335,0.0,0.0,0.0,0.0,0.0,0.0,1.0,0.0,0
1336,0.0,0.0,0.0,0.0,0.0,1.0,0.0,0.0,1
1337,0.0,0.0,0.0,0.0,0.0,1.0,1.0,1.0,0
1339,0.0,0.0,0.0,1.0,1.0,2.0,1.0,1.0,0
1340,0.0,0.0,0.0,1.0,0.0,1.0,0.0,1.0,0
1341,0.0,0.0,0.0,1.0,0.0,1.0,0.0,0.0,0
1343,0.0,0.0,0.0,1.0,0.0,1.0,1.0,0.0,0
1344,0.0,0.0,0.0,0.0,0.0,1.0,0.0,0.0,0
1345,0.0,0.0,0.0,1.0,0.0,1.0,0.0,1.0,0
1347,0.0,0.0,0.0,1.0,0.0,1.0,1.0,1.0,0
1348,0.0,0.0,0.0,1.0,0.0,1.0,1.0,1.0,1
1351,0.0,0.0,0.0,1.0,0.0,0.0,0.0,0.0,1
1353,0.0,1.0,0.0,1.0,0.0,1.0,0.0,0.0,0
1356,0.0,1.0,0.0,1.0,0.0,0.0,0.0,1.0,1
1357,0.0,0.0,0.0,1.0,1.0,1.0,0.0,0.0,0
1360,0.0,0.0,0.0,1.0,0.0,1.0,0.0,0.0,0
1363,0.0,0.0,0.0,1.0,0.0,1.0,1.0,0.0,0
1364,0.0,0.0,0.0,1.0,0.0,2.0,0.0,1.0,0
1366,0.0,0.0,0.0,1.0,0.0,1.0,0.0,1.0,1
1367,0.0,1.0,0.0,1.0,0.0,0.0,0.0,0.0,1
1368,0.0,0.0,0.0,1.0,0.0,1.0,0.0,0.0,0
1369,0.0,0.0,0.0,1.0,0.0,1.0,1.0,0.0,0
1373,0.0,1.0,0.0,1.0,0.0,1.0,0.0,0.0,0
1374,0.0,0.0,0.0,1.0,0.0,1.0,1.0,0.0,0
1375,0.0,0.0,0.0,0.0,0.0,1.0,0.0,1.0,0
1381,0.0,0.0,0.0,1.0,0.0,2.0,0.0,1.0,0
1382,0.0,0.0,0.0,0.0,0.0,0.0,0.0,0.0,1
1384,1.0,1.0,1.0,1.0,0.0,1.0,1.0,0.0,0
1386,0.0,0.0,0.0,1.0,1.0,2.0,0.0,1.0,1
1387,0.0,0.0,0.0,1.0,0.0,2.0,0.0,0.0,0
1388,0.0,0.0,0.0,1.0,0.0,1.0,1.0,0.0,1
1392,0.0,0.0,0.0,1.0,0.0,1.0,0.0,0.0,1
1394,0.0,0.0,0.0,1.0,0.0,1.0,0.0,1.0,0
1399,0.0,0.0,0.0,1.0,0.0,1.0,1.0,0.0,1
1400,0.0,0.0,0.0,1.0,0.0,1.0,1.0,0.0,0
1405,0.0,0.0,0.0,1.0,1.0,2.0,0.0,0.0,1
1406,0.0,0.0,0.0,1.0,0.0,2.0,1.0,1.0,0
1407,0.0,0.0,0.0,0.0,0.0,1.0,0.0,1.0,1
1410,0.0,0.0,0.0,1.0,1.0,1.0,0.0,0.0,0
1417,1.0,1.0,0.0,1.0,0.0,1.0,0.0,0.0,0
1418,0.0,0.0,0.0,1.0,0.0,1.0,0.0,1.0,1
1419,1.0,0.0,0.0,1.0,0.0,1.0,0.0,0.0,1
1421,0.0,0.0,0.0,0.0,0.0,0.0,0.0,0.0,0
1422,0.0,0.0,1.0,0.0,0.0,0.0,0.0,0.0,1
1423,0.0,0.0,0.0,1.0,0.0,1.0,0.0,1.0,0
1424,0.0,0.0,0.0,0.0,1.0,2.0,0.0,1.0,0
1425,0.0,0.0,0.0,1.0,1.0,1.0,0.0,0.0,1
1426,0.0,0.0,0.0,1.0,0.0,1.0,0.0,1.0,1
1427,0.0,0.0,0.0,1.0,1.0,1.0,0.0,1.0,1
1428,0.0,0.0,0.0,0.0,0.0,2.0,1.0,1.0,0
1430,2.0,1.0,0.0,1.0,0.0,1.0,0.0,1.0,1
1431,0.0,0.0,0.0,1.0,0.0,2.0,0.0,0.0,0
1432,0.0,0.0,0.0,0.0,0.0,0.0,1.0,0.0,1
1434,0.0,0.0,0.0,0.0,0.0,1.0,0.0,0.0,1
1436,0.0,0.0,0.0,0.0,1.0,2.0,1.0,1.0,0
1441,0.0,0.0,0.0,1.0,0.0,1.0,1.0,1.0,0
1442,0.0,0.0,0.0,1.0,0.0,1.0,0.0,0.0,0
1443,0.0,0.0,0.0,1.0,0.0,2.0,0.0,1.0,0
1449,0.0,0.0,0.0,1.0,0.0,1.0,0.0,0.0,1
1450,0.0,0.0,0.0,1.0,0.0,1.0,0.0,1.0,0
1452,0.0,0.0,0.0,1.0,0.0,1.0,1.0,0.0,0
1453,0.0,0.0,0.0,1.0,0.0,2.0,0.0,1.0,0
1456,0.0,0.0,0.0,1.0,1.0,1.0,0.0,1.0,1
1458,0.0,0.0,0.0,0.0,1.0,2.0,0.0,0.0,0
1459,0.0,0.0,0.0,0.0,0.0,0.0,0.0,0.0,0
1460,0.0,0.0,0.0,1.0,0.0,2.0,0.0,0.0,0
1461,0.0,0.0,0.0,1.0,0.0,1.0,0.0,0.0,1
1463,0.0,0.0,0.0,0.0,1.0,1.0,1.0,1.0,0
1464,0.0,0.0,0.0,0.0,0.0,1.0,1.0,1.0,1
1466,0.0,0.0,0.0,1.0,1.0,1.0,0.0,0.0,1
1470,0.0,0.0,0.0,1.0,1.0,1.0,1.0,0.0,1
1475,0.0,0.0,0.0,0.0,1.0,1.0,1.0,0.0,0
1476,0.0,0.0,0.0,1.0,1.0,1.0,0.0,0.0,1
1479,0.0,0.0,0.0,0.0,0.0,2.0,0.0,0.0,0
1480,0.0,0.0,0.0,0.0,1.0,2.0,1.0,1.0,0
1481,0.0,0.0,0.0,0.0,0.0,1.0,1.0,0.0,1
1482,0.0,0.0,0.0,0.0,0.0,1.0,0.0,0.0,0
1483,0.0,0.0,0.0,1.0,0.0,2.0,1.0,1.0,0
1484,0.0,0.0,0.0,1.0,1.0,2.0,1.0,0.0,0
1485,0.0,0.0,0.0,1.0,1.0,2.0,0.0,1.0,0
1486,1.0,0.0,0.0,1.0,0.0,0.0,0.0,0.0,1
1490,0.0,0.0,0.0,1.0,0.0,1.0,1.0,0.0,0
1491,0.0,0.0,0.0,0.0,1.0,2.0,0.0,1.0,0
1495,0.0,0.0,0.0,1.0,1.0,1.0,1.0,1.0,1
1497,0.0,0.0,0.0,1.0,0.0,1.0,0.0,1.0,0
1498,0.0,0.0,0.0,1.0,0.0,1.0,1.0,1.0,1
1500,0.0,0.0,0.0,1.0,0.0,1.0,0.0,1.0,0
1501,0.0,0.0,0.0,1.0,0.0,1.0,1.0,0.0,1
1504,0.0,0.0,0.0,1.0,0.0,1.0,0.0,0.0,0
1507,0.0,2.0,1.0,1.0,0.0,1.0,1.0,0.0,1
1513,0.0,1.0,0.0,1.0,0.0,0.0,0.0,0.0,1
1514,0.0,0.0,0.0,0.0,1.0,1.0,1.0,1.0,0
1515,0.0,0.0,0.0,1.0,0.0,1.0,0.0,0.0,0
1516,0.0,0.0,0.0,1.0,1.0,1.0,1.0,0.0,0
1519,0.0,0.0,0.0,1.0,0.0,1.0,1.0,1.0,0
1520,0.0,0.0,0.0,1.0,0.0,1.0,0.0,0.0,0
1522,0.0,0.0,0.0,1.0,0.0,0.0,0.0,0.0,1
1528,0.0,0.0,0.0,0.0,1.0,2.0,0.0,0.0,0
1534,0.0,0.0,0.0,0.0,0.0,2.0,0.0,0.0,0
1537,0.0,0.0,0.0,1.0,0.0,2.0,0.0,0.0,0
1538,0.0,0.0,0.0,1.0,1.0,2.0,0.0,0.0,1
1541,0.0,0.0,0.0,0.0,1.0,2.0,0.0,0.0,0
1547,0.0,0.0,0.0,0.0,0.0,2.0,0.0,1.0,1
1548,0.0,0.0,0.0,1.0,0.0,1.0,1.0,0.0,0
1550,0.0,0.0,0.0,1.0,0.0,2.0,1.0,1.0,0
1551,0.0,0.0,0.0,1.0,0.0,1.0,0.0,0.0,1
1557,0.0,0.0,0.0,1.0,0.0,2.0,0.0,0.0,0
1559,0.0,0.0,0.0,0.0,0.0,1.0,1.0,1.0,0
1560,0.0,0.0,0.0,1.0,0.0,2.0,0.0,0.0,0
1561,0.0,0.0,0.0,1.0,0.0,1.0,0.0,0.0,1
1562,0.0,0.0,0.0,0.0,1.0,1.0,0.0,0.0,0
1564,0.0,0.0,0.0,0.0,0.0,1.0,0.0,1.0,0
1568,0.0,0.0,0.0,1.0,0.0,2.0,0.0,0.0,0
1570,0.0,0.0,0.0,0.0,1.0,1.0,0.0,1.0,0
1571,0.0,1.0,0.0,1.0,0.0,1.0,0.0,0.0,0
1572,0.0,0.0,0.0,1.0,0.0,1.0,1.0,1.0,1
1573,0.0,0.0,0.0,1.0,0.0,1.0,1.0,0.0,1
1574,0.0,0.0,0.0,1.0,0.0,2.0,0.0,1.0,1
1575,0.0,0.0,0.0,0.0,1.0,1.0,0.0,0.0,1
1576,0.0,0.0,1.0,1.0,0.0,1.0,0.0,1.0,0
1580,0.0,0.0,0.0,0.0,0.0,1.0,0.0,1.0,0
1581,0.0,0.0,0.0,0.0,0.0,0.0,1.0,0.0,0
1584,0.0,0.0,0.0,1.0,0.0,1.0,1.0,1.0,0
1585,0.0,0.0,0.0,0.0,0.0,0.0,0.0,0.0,1
1587,0.0,0.0,0.0,0.0,1.0,1.0,1.0,1.0,0
1588,0.0,0.0,0.0,0.0,0.0,2.0,1.0,1.0,0
1596,0.0,0.0,0.0,1.0,0.0,2.0,1.0,1.0,0
1600,0.0,0.0,0.0,0.0,0.0,0.0,0.0,0.0,0
1601,0.0,0.0,0.0,1.0,0.0,0.0,0.0,0.0,1
1604,0.0,0.0,0.0,1.0,0.0,2.0,0.0,1.0,0
1613,0.0,1.0,0.0,1.0,0.0,0.0,0.0,0.0,1
1614,0.0,0.0,0.0,1.0,0.0,1.0,0.0,1.0,0
1618,0.0,0.0,0.0,1.0,0.0,0.0,0.0,1.0,1
1620,0.0,0.0,0.0,1.0,1.0,0.0,0.0,0.0,1
1621,0.0,0.0,0.0,1.0,0.0,1.0,0.0,1.0,0
1622,0.0,0.0,0.0,0.0,0.0,1.0,1.0,0.0,0
1624,0.0,0.0,0.0,0.0,0.0,0.0,1.0,0.0,0
1631,0.0,0.0,0.0,1.0,0.0,1.0,0.0,0.0,0
1632,0.0,0.0,0.0,1.0,0.0,1.0,0.0,0.0,0
1634,0.0,0.0,0.0,1.0,0.0,1.0,0.0,0.0,1
1635,0.0,0.0,0.0,1.0,0.0,2.0,1.0,0.0,0
1638,0.0,0.0,0.0,1.0,0.0,0.0,1.0,0.0,1
1639,0.0,0.0,0.0,1.0,1.0,1.0,0.0,1.0,0
1641,0.0,0.0,0.0,1.0,0.0,1.0,1.0,0.0,1
1643,0.0,0.0,0.0,1.0,0.0,1.0,0.0,0.0,0
1644,0.0,0.0,0.0,1.0,0.0,1.0,1.0,1.0,0
1646,0.0,0.0,0.0,0.0,1.0,1.0,0.0,0.0,0
1647,0.0,0.0,0.0,0.0,0.0,1.0,1.0,0.0,0
1648,0.0,0.0,0.0,0.0,0.0,1.0,1.0,1.0,1
1650,0.0,0.0,0.0,0.0,0.0,1.0,1.0,0.0,1
1651,0.0,0.0,0.0,1.0,0.0,1.0,0.0,0.0,1
1653,0.0,0.0,0.0,0.0,0.0,2.0,1.0,1.0,0
1657,1.0,0.0,0.0,1.0,0.0,1.0,1.0,0.0,1
1658,0.0,0.0,0.0,1.0,0.0,1.0,0.0,0.0,1
1659,0.0,0.0,0.0,1.0,0.0,1.0,1.0,0.0,1
1660,0.0,0.0,0.0,1.0,0.0,1.0,0.0,0.0,0
1661,0.0,0.0,0.0,1.0,0.0,0.0,1.0,1.0,0
1662,0.0,0.0,0.0,1.0,1.0,1.0,1.0,0.0,0
1665,0.0,0.0,1.0,1.0,0.0,1.0,0.0,1.0,1
1666,0.0,0.0,0.0,0.0,0.0,2.0,1.0,0.0,1
1669,0.0,0.0,0.0,1.0,0.0,0.0,0.0,0.0,1
1670,0.0,0.0,0.0,1.0,0.0,0.0,0.0,0.0,0
1673,0.0,0.0,0.0,1.0,0.0,1.0,0.0,1.0,0
1674,0.0,0.0,0.0,1.0,0.0,2.0,0.0,1.0,0
1677,0.0,0.0,0.0,1.0,0.0,1.0,0.0,0.0,0
1678,0.0,0.0,0.0,1.0,0.0,1.0,0.0,1.0,1
1680,0.0,0.0,0.0,1.0,0.0,2.0,0.0,0.0,1
1681,0.0,1.0,0.0,1.0,1.0,1.0,0.0,0.0,0
1685,0.0,0.0,0.0,0.0,1.0,0.0,0.0,1.0,0
1687,0.0,0.0,0.0,1.0,1.0,1.0,0.0,0.0,0
1691,0.0,0.0,0.0,0.0,1.0,1.0,1.0,0.0,1
1695,0.0,0.0,0.0,1.0,0.0,2.0,0.0,0.0,1
1698,0.0,0.0,0.0,0.0,0.0,0.0,0.0,1.0,1
1699,0.0,0.0,0.0,1.0,0.0,1.0,0.0,0.0,1
1701,0.0,0.0,0.0,1.0,1.0,1.0,1.0,0.0,1
1702,0.0,0.0,0.0,1.0,0.0,2.0,1.0,1.0,0
1704,0.0,0.0,0.0,0.0,0.0,1.0,0.0,1.0,0
1705,1.0,1.0,0.0,1.0,0.0,1.0,0.0,0.0,1
1707,0.0,0.0,0.0,0.0,0.0,1.0,0.0,1.0,1
1708,0.0,1.0,0.0,1.0,0.0,0.0,0.0,0.0,1
1709,0.0,1.0,0.0,1.0,0.0,1.0,1.0,1.0,1
1710,0.0,0.0,0.0,0.0,0.0,0.0,1.0,0.0,1
1713,0.0,0.0,0.0,1.0,1.0,1.0,0.0,0.0,1
1714,0.0,0.0,0.0,0.0,0.0,0.0,1.0,1.0,1
1715,0.0,0.0,0.0,0.0,0.0,1.0,1.0,1.0,1
1717,0.0,0.0,0.0,1.0,0.0,1.0,1.0,0.0,0
1720,0.0,0.0,0.0,1.0,1.0,1.0,0.0,0.0,0
1722,0.0,0.0,0.0,1.0,0.0,1.0,0.0,0.0,1
1723,0.0,0.0,0.0,1.0,0.0,2.0,0.0,0.0,1
1724,0.0,0.0,0.0,1.0,0.0,1.0,1.0,1.0,0
1725,0.0,0.0,0.0,1.0,1.0,2.0,1.0,0.0,1
1728,0.0,0.0,0.0,1.0,0.0,1.0,0.0,1.0,1
1730,0.0,1.0,0.0,1.0,0.0,1.0,0.0,0.0,1
1732,0.0,0.0,0.0,1.0,0.0,1.0,0.0,0.0,0
1733,0.0,0.0,0.0,1.0,1.0,1.0,0.0,1.0,0
1736,0.0,0.0,0.0,1.0,0.0,1.0,1.0,0.0,1
1737,0.0,0.0,0.0,0.0,0.0,0.0,0.0,0.0,0
1740,0.0,0.0,0.0,1.0,0.0,2.0,0.0,0.0,1
1743,0.0,0.0,0.0,0.0,0.0,0.0,1.0,0.0,0
1744,0.0,0.0,1.0,1.0,0.0,0.0,0.0,1.0,1
1746,0.0,0.0,0.0,0.0,0.0,1.0,1.0,1.0,0
1750,0.0,0.0,0.0,1.0,1.0,2.0,1.0,1.0,0
1751,0.0,0.0,0.0,1.0,1.0,1.0,0.0,0.0,1
1752,0.0,0.0,0.0,0.0,0.0,0.0,0.0,0.0,0
1754,1.0,0.0,1.0,1.0,0.0,1.0,0.0,0.0,1
1755,0.0,0.0,0.0,0.0,0.0,1.0,0.0,1.0,1
1756,0.0,0.0,0.0,1.0,0.0,0.0,0.0,0.0,1
1758,0.0,0.0,1.0,1.0,0.0,1.0,0.0,1.0,0
1760,0.0,0.0,0.0,1.0,0.0,1.0,0.0,0.0,1
1761,0.0,0.0,0.0,1.0,0.0,2.0,0.0,1.0,0
1762,0.0,0.0,0.0,1.0,0.0,1.0,0.0,1.0,1
1767,0.0,0.0,0.0,1.0,0.0,1.0,1.0,0.0,1
1768,0.0,0.0,0.0,1.0,0.0,1.0,1.0,1.0,0
1771,0.0,0.0,0.0,0.0,0.0,1.0,0.0,0.0,0
1772,1.0,1.0,1.0,1.0,0.0,1.0,1.0,0.0,1
1773,0.0,0.0,0.0,1.0,1.0,1.0,0.0,1.0,1
1775,1.0,1.0,0.0,1.0,0.0,1.0,0.0,0.0,1
1778,0.0,0.0,0.0,1.0,0.0,1.0,0.0,1.0,1
1779,0.0,0.0,0.0,1.0,0.0,1.0,0.0,1.0,1
1780,0.0,0.0,0.0,1.0,0.0,1.0,0.0,0.0,0
1782,0.0,0.0,0.0,0.0,1.0,0.0,1.0,0.0,1
1783,0.0,0.0,0.0,1.0,0.0,1.0,0.0,0.0,1
1785,0.0,0.0,0.0,1.0,0.0,1.0,0.0,0.0,1
1786,0.0,0.0,0.0,1.0,1.0,1.0,0.0,1.0,1
1788,0.0,0.0,0.0,1.0,0.0,2.0,0.0,0.0,1
1791,0.0,0.0,0.0,1.0,1.0,2.0,0.0,0.0,0
1793,0.0,0.0,0.0,0.0,0.0,1.0,0.0,1.0,0
1795,0.0,0.0,0.0,0.0,0.0,1.0,0.0,0.0,1
1798,0.0,0.0,0.0,1.0,1.0,2.0,0.0,1.0,0
1801,0.0,0.0,0.0,1.0,0.0,1.0,1.0,1.0,0
1802,0.0,0.0,0.0,1.0,0.0,1.0,0.0,0.0,1
1804,0.0,0.0,0.0,0.0,0.0,1.0,1.0,1.0,1
1805,0.0,0.0,0.0,0.0,1.0,2.0,1.0,1.0,1
1808,0.0,0.0,0.0,1.0,0.0,0.0,0.0,0.0,0
1809,0.0,0.0,1.0,1.0,0.0,0.0,1.0,0.0,1
1810,0.0,0.0,0.0,0.0,0.0,1.0,0.0,0.0,0
1816,0.0,0.0,0.0,1.0,0.0,1.0,0.0,1.0,1
1819,0.0,0.0,0.0,1.0,1.0,1.0,0.0,0.0,1
1820,0.0,0.0,0.0,1.0,1.0,1.0,1.0,1.0,0
1822,0.0,0.0,0.0,0.0,1.0,2.0,1.0,0.0,0
1823,0.0,0.0,0.0,1.0,0.0,1.0,1.0,0.0,0
1827,0.0,0.0,0.0,0.0,0.0,1.0,0.0,1.0,0
1829,0.0,0.0,0.0,1.0,0.0,1.0,0.0,0.0,1
1830,0.0,0.0,0.0,1.0,0.0,1.0,1.0,0.0,1
1831,0.0,0.0,0.0,0.0,0.0,2.0,0.0,0.0,1
1832,0.0,0.0,0.0,1.0,1.0,2.0,1.0,1.0,1
1833,0.0,0.0,0.0,0.0,0.0,2.0,1.0,1.0,0
1836,0.0,0.0,0.0,1.0,0.0,1.0,0.0,1.0,1
1837,0.0,0.0,0.0,1.0,0.0,2.0,0.0,1.0,0
1839,0.0,0.0,0.0,0.0,0.0,1.0,0.0,0.0,0
1841,1.0,0.0,0.0,1.0,0.0,1.0,0.0,0.0,1
1842,0.0,0.0,1.0,0.0,0.0,0.0,0.0,0.0,1
1844,0.0,0.0,0.0,1.0,0.0,1.0,0.0,0.0,0
1845,0.0,0.0,1.0,1.0,1.0,1.0,0.0,0.0,1
1847,0.0,0.0,0.0,1.0,0.0,2.0,0.0,0.0,1
1849,0.0,0.0,0.0,1.0,1.0,1.0,0.0,1.0,1
1853,0.0,0.0,0.0,0.0,0.0,0.0,0.0,1.0,0
1854,0.0,0.0,0.0,0.0,1.0,2.0,1.0,1.0,1
1855,0.0,0.0,0.0,1.0,0.0,2.0,0.0,0.0,1
1857,0.0,0.0,0.0,1.0,0.0,0.0,1.0,0.0,1
1858,0.0,0.0,0.0,1.0,0.0,1.0,0.0,0.0,1
1859,0.0,0.0,0.0,1.0,0.0,1.0,0.0,0.0,1
1860,0.0,0.0,0.0,0.0,0.0,1.0,1.0,0.0,0
1861,0.0,0.0,0.0,0.0,1.0,1.0,1.0,1.0,0
1862,0.0,0.0,0.0,1.0,0.0,1.0,0.0,0.0,1
1866,0.0,1.0,0.0,1.0,0.0,0.0,0.0,0.0,1
1868,0.0,0.0,0.0,1.0,0.0,0.0,0.0,0.0,1
1871,0.0,0.0,0.0,1.0,0.0,2.0,1.0,1.0,0
1875,0.0,0.0,0.0,0.0,0.0,1.0,1.0,0.0,0
1879,0.0,0.0,0.0,1.0,0.0,1.0,1.0,0.0,0
1880,0.0,0.0,0.0,1.0,1.0,2.0,0.0,1.0,0
1881,0.0,0.0,0.0,0.0,0.0,2.0,0.0,0.0,0
1882,0.0,0.0,0.0,0.0,0.0,2.0,0.0,1.0,0
1885,0.0,0.0,0.0,1.0,1.0,1.0,0.0,0.0,0
1887,0.0,0.0,0.0,0.0,1.0,2.0,1.0,1.0,0
1890,0.0,0.0,0.0,1.0,0.0,2.0,0.0,0.0,0
1896,0.0,0.0,0.0,1.0,1.0,1.0,1.0,1.0,1
1897,0.0,0.0,0.0,1.0,0.0,2.0,1.0,0.0,0
1899,0.0,0.0,0.0,1.0,1.0,0.0,0.0,1.0,1
1901,0.0,0.0,0.0,1.0,0.0,1.0,1.0,0.0,1
1902,0.0,0.0,0.0,1.0,0.0,2.0,0.0,0.0,1
1903,0.0,0.0,0.0,1.0,0.0,2.0,1.0,1.0,1
1905,0.0,0.0,0.0,1.0,0.0,1.0,0.0,1.0,0
1906,0.0,0.0,0.0,0.0,0.0,1.0,0.0,0.0,0
1907,0.0,0.0,0.0,1.0,0.0,1.0,1.0,1.0,1
1910,0.0,0.0,0.0,1.0,0.0,1.0,0.0,0.0,1
1913,0.0,0.0,0.0,1.0,0.0,2.0,1.0,1.0,0
1915,0.0,0.0,0.0,1.0,0.0,1.0,0.0,0.0,0
1917,0.0,0.0,0.0,1.0,1.0,1.0,0.0,0.0,1
1918,0.0,0.0,0.0,1.0,1.0,0.0,0.0,0.0,1
1922,0.0,0.0,0.0,1.0,0.0,0.0,0.0,0.0,0
1923,0.0,0.0,0.0,1.0,1.0,1.0,0.0,1.0,0
1926,1.0,0.0,0.0,1.0,0.0,1.0,1.0,0.0,1
1930,0.0,0.0,0.0,0.0,0.0,2.0,0.0,1.0,0
1932,0.0,0.0,0.0,1.0,1.0,1.0,0.0,0.0,0
1933,0.0,0.0,0.0,1.0,0.0,0.0,1.0,0.0,1
1935,0.0,0.0,0.0,1.0,0.0,0.0,1.0,0.0,0
1936,0.0,0.0,0.0,1.0,0.0,2.0,1.0,1.0,0
1938,0.0,0.0,0.0,0.0,0.0,1.0,0.0,0.0,1
1940,0.0,0.0,0.0,1.0,0.0,2.0,0.0,0.0,1
1944,0.0,1.0,1.0,1.0,0.0,1.0,1.0,0.0,1
1946,0.0,0.0,0.0,1.0,0.0,2.0,0.0,1.0,0
1947,0.0,0.0,0.0,1.0,1.0,1.0,1.0,1.0,1
1949,0.0,0.0,0.0,0.0,0.0,1.0,0.0,0.0,0
1950,0.0,0.0,0.0,0.0,0.0,1.0,0.0,0.0,1
1954,0.0,0.0,0.0,1.0,0.0,0.0,1.0,0.0,1
1956,0.0,0.0,0.0,1.0,0.0,2.0,0.0,0.0,1
1958,0.0,0.0,0.0,1.0,0.0,0.0,1.0,0.0,0
1964,1.0,0.0,0.0,1.0,0.0,2.0,0.0,0.0,1
1965,0.0,0.0,0.0,1.0,0.0,1.0,1.0,0.0,1
1966,0.0,0.0,0.0,0.0,0.0,1.0,0.0,0.0,1
1967,0.0,1.0,1.0,1.0,0.0,1.0,0.0,0.0,1
1969,0.0,0.0,0.0,0.0,1.0,1.0,1.0,0.0,0
1971,0.0,0.0,0.0,0.0,1.0,0.0,0.0,1.0,0
1973,0.0,0.0,0.0,1.0,0.0,0.0,0.0,0.0,0
1977,0.0,0.0,0.0,1.0,0.0,2.0,0.0,1.0,1
1978,0.0,0.0,0.0,1.0,0.0,2.0,0.0,0.0,0
1979,0.0,0.0,0.0,0.0,0.0,1.0,0.0,0.0,0
1981,0.0,0.0,1.0,1.0,0.0,1.0,0.0,0.0,0
1982,0.0,0.0,0.0,0.0,0.0,0.0,0.0,0.0,0
1985,0.0,0.0,0.0,0.0,0.0,1.0,0.0,1.0,1
1990,0.0,0.0,0.0,0.0,0.0,1.0,0.0,0.0,0
1992,0.0,0.0,0.0,0.0,0.0,1.0,0.0,0.0,1
1993,0.0,0.0,0.0,1.0,0.0,1.0,0.0,1.0,0
1995,0.0,0.0,0.0,1.0,0.0,2.0,0.0,1.0,0
1997,0.0,0.0,0.0,1.0,0.0,2.0,1.0,0.0,0
1998,0.0,0.0,1.0,1.0,0.0,0.0,1.0,0.0,1
2000,0.0,0.0,0.0,1.0,1.0,1.0,1.0,0.0,0
2001,0.0,0.0,0.0,0.0,0.0,2.0,0.0,1.0,0
2003,0.0,0.0,0.0,1.0,1.0,1.0,0.0,0.0,0
2006,0.0,0.0,0.0,0.0,0.0,1.0,0.0,1.0,0
2007,0.0,0.0,0.0,1.0,0.0,1.0,0.0,0.0,0
2008,0.0,0.0,0.0,1.0,0.0,1.0,1.0,0.0,0
2010,0.0,0.0,0.0,1.0,1.0,1.0,1.0,0.0,0
2012,0.0,1.0,1.0,1.0,0.0,0.0,0.0,1.0,0
2013,0.0,0.0,0.0,1.0,0.0,1.0,0.0,0.0,1
2014,0.0,0.0,0.0,1.0,0.0,1.0,0.0,1.0,1
2016,0.0,1.0,1.0,1.0,0.0,0.0,0.0,0.0,1
2022,0.0,0.0,0.0,1.0,0.0,1.0,0.0,0.0,1
2025,0.0,0.0,0.0,1.0,0.0,0.0,0.0,1.0,1
2026,0.0,0.0,0.0,1.0,0.0,0.0,0.0,0.0,1
2028,0.0,0.0,0.0,0.0,0.0,1.0,0.0,0.0,0
2032,0.0,0.0,0.0,0.0,0.0,1.0,1.0,1.0,0
2037,0.0,0.0,0.0,1.0,0.0,0.0,0.0,1.0,0
2041,0.0,0.0,0.0,1.0,0.0,1.0,0.0,0.0,0
2042,0.0,0.0,0.0,1.0,0.0,2.0,0.0,0.0,1
2043,0.0,0.0,0.0,1.0,0.0,1.0,0.0,0.0,1
2044,0.0,0.0,0.0,1.0,0.0,1.0,0.0,0.0,0
2046,0.0,1.0,1.0,1.0,0.0,0.0,0.0,1.0,1
2047,0.0,0.0,0.0,0.0,0.0,2.0,1.0,1.0,0
2050,0.0,0.0,0.0,1.0,0.0,1.0,0.0,0.0,0
2051,0.0,0.0,0.0,1.0,0.0,1.0,1.0,1.0,1
2052,0.0,0.0,0.0,1.0,0.0,0.0,0.0,0.0,1
2057,0.0,0.0,0.0,0.0,0.0,2.0,1.0,1.0,0
2058,0.0,0.0,0.0,1.0,0.0,1.0,1.0,0.0,0
2060,0.0,0.0,0.0,1.0,0.0,1.0,1.0,0.0,1
2062,0.0,0.0,0.0,1.0,0.0,1.0,1.0,1.0,0
2063,0.0,0.0,0.0,0.0,1.0,1.0,1.0,0.0,0
2065,0.0,0.0,0.0,1.0,1.0,0.0,0.0,0.0,0
2066,0.0,0.0,0.0,1.0,0.0,1.0,0.0,0.0,1
2068,0.0,0.0,0.0,1.0,1.0,1.0,1.0,0.0,0
2069,0.0,0.0,0.0,1.0,0.0,1.0,0.0,0.0,1
2072,0.0,0.0,0.0,1.0,0.0,0.0,0.0,0.0,1
2074,0.0,0.0,0.0,1.0,0.0,1.0,0.0,1.0,1
2075,0.0,0.0,0.0,1.0,0.0,2.0,0.0,1.0,0
2076,0.0,0.0,0.0,1.0,0.0,1.0,1.0,0.0,0
2081,0.0,0.0,0.0,0.0,0.0,1.0,1.0,0.0,0
2083,0.0,0.0,0.0,0.0,0.0,1.0,0.0,0.0,0
2084,0.0,0.0,0.0,0.0,1.0,1.0,1.0,0.0,0
2085,0.0,0.0,0.0,1.0,0.0,1.0,1.0,0.0,1
2088,0.0,0.0,0.0,1.0,0.0,2.0,0.0,1.0,0
2091,0.0,0.0,0.0,1.0,1.0,1.0,0.0,1.0,0
2093,0.0,0.0,0.0,1.0,0.0,1.0,0.0,0.0,1
2096,0.0,0.0,0.0,1.0,0.0,1.0,0.0,1.0,0
2098,0.0,0.0,0.0,1.0,0.0,2.0,1.0,1.0,0
2100,0.0,0.0,0.0,1.0,1.0,1.0,0.0,0.0,1
2101,0.0,0.0,0.0,1.0,0.0,1.0,0.0,0.0,0
2104,0.0,0.0,0.0,1.0,0.0,1.0,0.0,1.0,0
2105,0.0,0.0,0.0,0.0,0.0,0.0,1.0,0.0,1
2107,0.0,0.0,0.0,1.0,1.0,2.0,0.0,0.0,0
2108,0.0,1.0,1.0,1.0,0.0,0.0,0.0,0.0,1
2109,0.0,0.0,1.0,1.0,0.0,0.0,0.0,1.0,0
2110,0.0,0.0,0.0,0.0,1.0,0.0,0.0,0.0,1
2112,0.0,0.0,0.0,1.0,0.0,1.0,0.0,0.0,0
2113,0.0,0.0,0.0,1.0,0.0,1.0,0.0,0.0,1
2115,0.0,0.0,0.0,0.0,0.0,2.0,1.0,1.0,0
2117,0.0,0.0,0.0,0.0,0.0,0.0,1.0,1.0,0
2118,0.0,0.0,0.0,1.0,1.0,2.0,0.0,1.0,0
2119,0.0,2.0,1.0,1.0,0.0,1.0,0.0,0.0,1
2120,0.0,0.0,1.0,0.0,0.0,0.0,0.0,0.0,1
2123,0.0,1.0,0.0,1.0,0.0,1.0,1.0,0.0,0
2126,0.0,0.0,0.0,1.0,0.0,1.0,0.0,0.0,0
2127,0.0,0.0,0.0,1.0,0.0,1.0,0.0,0.0,0
2128,0.0,0.0,0.0,1.0,0.0,0.0,0.0,1.0,0
2129,0.0,0.0,0.0,1.0,0.0,1.0,1.0,0.0,0
2130,0.0,0.0,0.0,1.0,0.0,0.0,0.0,0.0,1
2131,0.0,0.0,0.0,1.0,0.0,1.0,0.0,1.0,1
2132,0.0,0.0,0.0,0.0,0.0,1.0,0.0,1.0,0
2134,0.0,0.0,0.0,1.0,0.0,0.0,0.0,0.0,1
2135,0.0,0.0,0.0,0.0,0.0,2.0,0.0,1.0,0
2136,0.0,0.0,0.0,0.0,0.0,0.0,1.0,0.0,1
2139,0.0,0.0,0.0,1.0,1.0,2.0,0.0,1.0,0
2145,0.0,0.0,0.0,0.0,1.0,1.0,1.0,1.0,0
2146,0.0,0.0,0.0,0.0,1.0,1.0,0.0,0.0,0
2148,1.0,0.0,0.0,1.0,0.0,1.0,0.0,0.0,1
2149,0.0,0.0,0.0,1.0,0.0,2.0,1.0,1.0,0
2150,0.0,0.0,0.0,0.0,0.0,1.0,1.0,1.0,0
2151,0.0,0.0,0.0,1.0,0.0,0.0,0.0,0.0,0
2152,0.0,0.0,0.0,1.0,1.0,2.0,0.0,1.0,0
2153,0.0,0.0,0.0,1.0,0.0,1.0,0.0,0.0,1
2156,0.0,1.0,0.0,1.0,1.0,1.0,0.0,1.0,0
2158,0.0,1.0,0.0,1.0,0.0,1.0,0.0,0.0,1
2160,1.0,1.0,0.0,1.0,0.0,1.0,0.0,0.0,1
2161,0.0,1.0,1.0,1.0,0.0,0.0,0.0,0.0,0
2162,0.0,0.0,0.0,1.0,1.0,0.0,1.0,0.0,1
2165,0.0,0.0,0.0,1.0,0.0,2.0,0.0,0.0,0
2168,0.0,0.0,0.0,0.0,1.0,0.0,1.0,1.0,1
2169,0.0,0.0,0.0,1.0,1.0,1.0,1.0,0.0,0
2170,1.0,1.0,1.0,1.0,0.0,0.0,0.0,0.0,0
2171,0.0,0.0,0.0,1.0,0.0,1.0,1.0,0.0,0
2172,0.0,0.0,0.0,1.0,1.0,1.0,1.0,0.0,0
2176,0.0,0.0,0.0,1.0,0.0,1.0,0.0,0.0,0
2177,0.0,0.0,0.0,1.0,1.0,2.0,0.0,1.0,0
2178,0.0,0.0,0.0,1.0,0.0,0.0,0.0,0.0,0
2181,0.0,1.0,0.0,1.0,1.0,1.0,0.0,0.0,1
2182,0.0,0.0,0.0,0.0,0.0,1.0,0.0,1.0,1
2185,0.0,0.0,0.0,1.0,0.0,1.0,0.0,0.0,1
2188,0.0,0.0,0.0,0.0,0.0,2.0,0.0,0.0,1
2189,0.0,1.0,1.0,1.0,0.0,0.0,0.0,0.0,1
2191,0.0,0.0,0.0,1.0,0.0,1.0,0.0,1.0,1
2194,0.0,0.0,0.0,1.0,0.0,2.0,1.0,0.0,1
2195,0.0,0.0,0.0,1.0,0.0,1.0,0.0,0.0,0
2196,0.0,0.0,0.0,1.0,0.0,1.0,0.0,0.0,1
2198,0.0,0.0,0.0,1.0,0.0,1.0,1.0,0.0,0
2199,0.0,0.0,0.0,0.0,0.0,0.0,0.0,0.0,0
2202,0.0,0.0,0.0,1.0,1.0,1.0,0.0,0.0,1
2204,0.0,0.0,0.0,1.0,1.0,0.0,0.0,0.0,1
2205,0.0,0.0,0.0,0.0,1.0,2.0,1.0,1.0,0
2208,0.0,0.0,0.0,1.0,1.0,1.0,1.0,1.0,1
2209,0.0,0.0,0.0,1.0,0.0,1.0,1.0,0.0,1
2210,0.0,0.0,0.0,1.0,0.0,2.0,1.0,0.0,1
2213,0.0,0.0,0.0,1.0,1.0,1.0,0.0,0.0,0
2214,0.0,0.0,0.0,1.0,0.0,0.0,0.0,0.0,0
2218,0.0,0.0,0.0,1.0,0.0,1.0,1.0,0.0,0
2220,0.0,0.0,0.0,0.0,0.0,1.0,0.0,0.0,0
2221,0.0,0.0,0.0,1.0,0.0,1.0,1.0,1.0,0
2222,0.0,0.0,0.0,1.0,0.0,2.0,0.0,1.0,0
2223,0.0,0.0,0.0,1.0,1.0,1.0,0.0,1.0,1
2226,0.0,0.0,1.0,1.0,1.0,1.0,1.0,0.0,0
2227,0.0,0.0,0.0,0.0,0.0,0.0,1.0,0.0,1
2228,0.0,0.0,1.0,1.0,0.0,0.0,0.0,0.0,1
2229,1.0,1.0,1.0,1.0,0.0,0.0,0.0,0.0,1
2233,0.0,0.0,0.0,0.0,0.0,2.0,0.0,1.0,0
2234,0.0,0.0,0.0,1.0,0.0,2.0,0.0,1.0,1
2241,1.0,0.0,0.0,1.0,0.0,2.0,1.0,0.0,1
2243,2.0,0.0,0.0,1.0,0.0,0.0,0.0,0.0,1
2244,0.0,0.0,0.0,0.0,0.0,1.0,0.0,1.0,0
2247,0.0,0.0,0.0,0.0,0.0,2.0,1.0,1.0,0
2250,0.0,0.0,0.0,1.0,0.0,2.0,1.0,0.0,0
2254,0.0,0.0,0.0,1.0,0.0,1.0,1.0,1.0,0
2256,0.0,0.0,0.0,1.0,0.0,2.0,1.0,1.0,0
2257,0.0,0.0,0.0,0.0,0.0,1.0,0.0,1.0,0
2259,0.0,0.0,0.0,1.0,0.0,1.0,1.0,0.0,1
2260,0.0,0.0,0.0,1.0,0.0,2.0,1.0,1.0,1
2261,0.0,0.0,0.0,1.0,0.0,0.0,0.0,0.0,1
2262,0.0,0.0,0.0,1.0,0.0,1.0,0.0,0.0,0
2263,0.0,0.0,0.0,0.0,1.0,0.0,0.0,0.0,0
2268,0.0,0.0,0.0,1.0,0.0,0.0,0.0,0.0,1
2269,0.0,0.0,0.0,0.0,0.0,1.0,1.0,0.0,0
2271,0.0,0.0,0.0,1.0,0.0,2.0,0.0,1.0,0
2273,0.0,0.0,0.0,1.0,0.0,1.0,0.0,0.0,0
2274,0.0,0.0,0.0,1.0,0.0,1.0,0.0,0.0,1
2276,0.0,0.0,0.0,0.0,1.0,0.0,0.0,1.0,1
2277,0.0,0.0,0.0,1.0,0.0,2.0,1.0,0.0,0
2278,0.0,1.0,1.0,1.0,0.0,0.0,1.0,0.0,1
2279,0.0,0.0,0.0,1.0,0.0,2.0,0.0,1.0,1
2280,1.0,1.0,0.0,1.0,0.0,0.0,0.0,0.0,1
2284,0.0,0.0,0.0,1.0,0.0,1.0,0.0,0.0,0
2286,0.0,0.0,0.0,1.0,0.0,1.0,1.0,1.0,1
2287,0.0,0.0,0.0,1.0,0.0,1.0,0.0,0.0,1
2289,0.0,0.0,0.0,1.0,0.0,1.0,0.0,1.0,1
2290,0.0,0.0,0.0,1.0,0.0,1.0,1.0,0.0,0
2291,0.0,0.0,0.0,1.0,0.0,1.0,1.0,1.0,1
2295,0.0,0.0,0.0,1.0,0.0,1.0,0.0,1.0,1
2297,0.0,0.0,1.0,1.0,0.0,0.0,0.0,0.0,1
2301,0.0,1.0,1.0,1.0,0.0,0.0,1.0,1.0,1
2303,0.0,0.0,0.0,1.0,0.0,2.0,1.0,0.0,0
2304,0.0,0.0,1.0,1.0,0.0,0.0,0.0,1.0,0
2309,0.0,0.0,0.0,0.0,0.0,1.0,0.0,0.0,1
2310,0.0,0.0,0.0,0.0,0.0,0.0,0.0,1.0,1
2313,0.0,0.0,0.0,0.0,0.0,2.0,0.0,1.0,0
2316,0.0,0.0,0.0,1.0,0.0,1.0,0.0,0.0,0
2317,0.0,0.0,0.0,0.0,1.0,1.0,1.0,0.0,0
2319,0.0,0.0,0.0,0.0,1.0,2.0,0.0,1.0,0
2320,1.0,0.0,0.0,1.0,0.0,1.0,1.0,0.0,0
2322,0.0,0.0,0.0,0.0,0.0,1.0,1.0,0.0,0
2328,0.0,0.0,1.0,1.0,0.0,1.0,1.0,1.0,0
2330,0.0,0.0,0.0,1.0,0.0,1.0,0.0,1.0,1
2332,0.0,0.0,0.0,1.0,0.0,1.0,0.0,0.0,0
2333,0.0,0.0,0.0,1.0,0.0,0.0,0.0,0.0,1
2336,0.0,0.0,0.0,1.0,0.0,1.0,0.0,1.0,0
2340,0.0,0.0,1.0,1.0,0.0,1.0,1.0,0.0,0
2342,0.0,0.0,1.0,1.0,0.0,0.0,0.0,0.0,1
2343,0.0,1.0,1.0,1.0,0.0,1.0,1.0,0.0,1
2344,0.0,0.0,0.0,1.0,1.0,2.0,0.0,0.0,0
2349,0.0,0.0,0.0,1.0,0.0,0.0,0.0,0.0,1
2350,0.0,1.0,0.0,1.0,0.0,0.0,1.0,0.0,1
2354,0.0,1.0,1.0,1.0,0.0,1.0,0.0,0.0,1
2360,0.0,0.0,0.0,0.0,0.0,0.0,1.0,0.0,1
2361,0.0,1.0,0.0,1.0,0.0,0.0,0.0,0.0,1
2362,0.0,0.0,0.0,1.0,0.0,2.0,0.0,1.0,1
2363,0.0,0.0,0.0,1.0,1.0,1.0,1.0,0.0,0
2364,0.0,0.0,0.0,0.0,0.0,2.0,0.0,1.0,0
2365,0.0,0.0,0.0,0.0,0.0,2.0,1.0,1.0,0
2371,0.0,0.0,0.0,1.0,1.0,1.0,0.0,0.0,1
2376,0.0,0.0,0.0,1.0,0.0,2.0,0.0,0.0,1
2377,0.0,0.0,0.0,1.0,0.0,1.0,1.0,0.0,1
2379,0.0,0.0,0.0,1.0,0.0,2.0,0.0,1.0,0
2380,0.0,0.0,0.0,1.0,0.0,0.0,0.0,1.0,1
2381,0.0,0.0,0.0,1.0,1.0,1.0,1.0,0.0,0
2382,0.0,0.0,0.0,0.0,0.0,1.0,0.0,1.0,1
2383,0.0,0.0,1.0,0.0,0.0,0.0,1.0,1.0,0
2390,0.0,0.0,0.0,1.0,0.0,0.0,1.0,1.0,1
2391,0.0,0.0,0.0,0.0,0.0,2.0,0.0,1.0,0
2392,0.0,1.0,1.0,1.0,0.0,1.0,0.0,1.0,1
2393,0.0,0.0,0.0,1.0,0.0,1.0,0.0,1.0,1
2395,0.0,0.0,0.0,1.0,0.0,0.0,0.0,0.0,1
2397,0.0,0.0,0.0,1.0,0.0,0.0,1.0,1.0,1
2399,0.0,0.0,0.0,1.0,0.0,1.0,0.0,0.0,1
2400,0.0,0.0,0.0,0.0,1.0,1.0,1.0,1.0,0
2402,0.0,0.0,0.0,0.0,0.0,1.0,1.0,1.0,0
2403,0.0,0.0,0.0,1.0,1.0,1.0,1.0,1.0,1
2404,0.0,0.0,0.0,1.0,0.0,1.0,0.0,1.0,1
2406,0.0,0.0,0.0,1.0,0.0,1.0,1.0,0.0,0
2407,0.0,0.0,1.0,1.0,0.0,1.0,1.0,0.0,0
2409,0.0,0.0,0.0,0.0,0.0,1.0,1.0,1.0,0
2410,0.0,0.0,0.0,1.0,0.0,1.0,0.0,1.0,0
2411,0.0,0.0,0.0,1.0,0.0,2.0,1.0,1.0,0
2412,1.0,0.0,0.0,1.0,0.0,0.0,0.0,0.0,1
2413,0.0,0.0,0.0,1.0,0.0,1.0,0.0,0.0,1
2414,0.0,0.0,0.0,1.0,0.0,1.0,0.0,0.0,0
2416,0.0,0.0,0.0,1.0,0.0,1.0,1.0,0.0,1
2420,0.0,0.0,0.0,0.0,0.0,2.0,1.0,1.0,0
2422,0.0,0.0,1.0,1.0,0.0,0.0,0.0,1.0,0
2425,0.0,0.0,1.0,1.0,0.0,1.0,0.0,0.0,0
2427,0.0,0.0,0.0,0.0,0.0,1.0,0.0,0.0,0
2429,0.0,0.0,1.0,1.0,0.0,0.0,0.0,1.0,1
2433,0.0,0.0,0.0,0.0,1.0,1.0,1.0,0.0,0
2435,0.0,0.0,0.0,1.0,1.0,2.0,1.0,1.0,0
2436,0.0,0.0,0.0,0.0,0.0,2.0,1.0,0.0,0
2439,0.0,0.0,0.0,1.0,0.0,1.0,0.0,0.0,1
2440,0.0,0.0,0.0,1.0,0.0,1.0,0.0,1.0,0
2441,0.0,0.0,0.0,0.0,1.0,1.0,1.0,0.0,0
2442,0.0,0.0,0.0,1.0,1.0,1.0,0.0,1.0,1
2444,1.0,0.0,0.0,1.0,0.0,1.0,1.0,1.0,1
2448,0.0,0.0,0.0,1.0,0.0,1.0,0.0,0.0,0
2449,0.0,0.0,0.0,1.0,0.0,1.0,0.0,0.0,0
2450,0.0,0.0,0.0,1.0,0.0,1.0,0.0,0.0,1
2451,1.0,1.0,1.0,1.0,0.0,1.0,0.0,0.0,1
2455,0.0,0.0,0.0,1.0,0.0,2.0,0.0,1.0,0
2458,0.0,0.0,0.0,1.0,0.0,0.0,1.0,0.0,1
2459,0.0,0.0,0.0,1.0,0.0,0.0,0.0,0.0,1
2461,0.0,0.0,0.0,1.0,0.0,1.0,1.0,0.0,0
2463,0.0,0.0,0.0,1.0,0.0,2.0,0.0,1.0,1
2465,0.0,0.0,0.0,1.0,0.0,2.0,0.0,1.0,0
2466,0.0,0.0,0.0,1.0,0.0,1.0,0.0,1.0,1
2470,0.0,0.0,0.0,1.0,0.0,1.0,0.0,1.0,0
2471,0.0,0.0,0.0,1.0,1.0,0.0,0.0,0.0,0
2474,0.0,0.0,0.0,0.0,1.0,1.0,1.0,1.0,0
2476,0.0,0.0,0.0,1.0,0.0,2.0,0.0,0.0,1
2477,0.0,0.0,0.0,1.0,0.0,0.0,1.0,0.0,1
2479,0.0,0.0,1.0,1.0,0.0,1.0,1.0,0.0,1
2480,0.0,0.0,0.0,0.0,0.0,1.0,1.0,0.0,0
2482,0.0,0.0,0.0,0.0,0.0,2.0,1.0,0.0,0
2483,0.0,0.0,0.0,1.0,0.0,0.0,0.0,0.0,0
2485,0.0,0.0,2.0,1.0,0.0,0.0,0.0,1.0,1
2486,0.0,0.0,0.0,1.0,1.0,1.0,0.0,0.0,1
2487,0.0,0.0,0.0,1.0,0.0,1.0,0.0,1.0,0
2489,0.0,0.0,0.0,1.0,0.0,2.0,0.0,1.0,1
2492,0.0,0.0,2.0,1.0,0.0,0.0,1.0,1.0,0
2493,0.0,0.0,0.0,1.0,0.0,1.0,1.0,1.0,0
2494,0.0,0.0,0.0,0.0,0.0,0.0,0.0,1.0,0
2496,0.0,1.0,0.0,1.0,0.0,1.0,0.0,0.0,1
2497,0.0,0.0,0.0,1.0,0.0,1.0,1.0,0.0,0
2498,0.0,0.0,0.0,0.0,1.0,0.0,0.0,0.0,1
2499,0.0,0.0,1.0,1.0,0.0,2.0,0.0,0.0,1
2501,0.0,0.0,0.0,1.0,0.0,1.0,0.0,0.0,1
2502,0.0,0.0,0.0,1.0,0.0,2.0,1.0,0.0,1
2504,0.0,0.0,0.0,1.0,0.0,1.0,0.0,0.0,0
2509,0.0,0.0,0.0,1.0,0.0,1.0,0.0,1.0,0
2510,0.0,0.0,0.0,1.0,0.0,0.0,0.0,0.0,1
2513,1.0,0.0,0.0,1.0,0.0,2.0,1.0,0.0,1
2516,0.0,0.0,0.0,1.0,0.0,1.0,0.0,0.0,0
2517,0.0,0.0,0.0,0.0,1.0,1.0,0.0,1.0,1
2518,0.0,0.0,0.0,0.0,0.0,1.0,1.0,1.0,0
2519,0.0,0.0,0.0,0.0,0.0,0.0,0.0,0.0,0
2520,0.0,0.0,0.0,1.0,0.0,1.0,1.0,1.0,1
2522,0.0,1.0,0.0,1.0,0.0,1.0,1.0,0.0,1
2524,0.0,0.0,0.0,1.0,0.0,1.0,1.0,1.0,0
2530,0.0,0.0,0.0,1.0,0.0,1.0,1.0,0.0,0
2531,0.0,0.0,0.0,0.0,0.0,0.0,0.0,0.0,1
2532,0.0,0.0,0.0,1.0,1.0,1.0,0.0,1.0,1
2534,0.0,0.0,0.0,1.0,0.0,2.0,1.0,0.0,1
2535,0.0,0.0,0.0,0.0,0.0,1.0,0.0,0.0,0
2536,0.0,0.0,0.0,1.0,0.0,2.0,0.0,1.0,0
2537,0.0,0.0,0.0,1.0,1.0,2.0,0.0,1.0,1
2542,0.0,0.0,1.0,1.0,0.0,1.0,0.0,1.0,1
2543,0.0,0.0,1.0,1.0,0.0,1.0,0.0,0.0,1
2548,0.0,0.0,0.0,1.0,0.0,2.0,1.0,1.0,0
2550,0.0,0.0,0.0,1.0,0.0,2.0,1.0,0.0,0
2553,0.0,1.0,0.0,1.0,0.0,1.0,0.0,0.0,1
2554,0.0,0.0,0.0,1.0,1.0,1.0,0.0,1.0,0
2556,0.0,0.0,0.0,1.0,0.0,0.0,0.0,0.0,1
2558,0.0,0.0,0.0,0.0,0.0,1.0,1.0,0.0,1
2559,0.0,1.0,0.0,1.0,0.0,0.0,0.0,0.0,1
2562,0.0,0.0,0.0,1.0,0.0,2.0,0.0,0.0,0
2563,0.0,0.0,0.0,1.0,0.0,1.0,0.0,1.0,1
2565,0.0,0.0,0.0,1.0,1.0,0.0,1.0,0.0,1
2566,0.0,0.0,0.0,1.0,0.0,2.0,0.0,1.0,1
2567,0.0,0.0,0.0,1.0,0.0,1.0,0.0,0.0,1
2569,0.0,0.0,1.0,1.0,0.0,1.0,1.0,1.0,1
2573,0.0,0.0,0.0,0.0,1.0,0.0,1.0,1.0,0
2574,0.0,0.0,0.0,1.0,1.0,1.0,1.0,0.0,1
2576,0.0,1.0,0.0,1.0,1.0,0.0,1.0,0.0,0
2577,0.0,0.0,1.0,1.0,0.0,1.0,0.0,0.0,0
2580,0.0,0.0,0.0,0.0,0.0,2.0,1.0,1.0,0
2582,0.0,0.0,0.0,0.0,0.0,2.0,0.0,1.0,0
2583,0.0,0.0,0.0,1.0,0.0,1.0,0.0,0.0,0
2584,0.0,0.0,0.0,0.0,0.0,1.0,1.0,1.0,1
2585,0.0,0.0,0.0,1.0,0.0,1.0,1.0,0.0,0
2586,0.0,1.0,1.0,1.0,1.0,0.0,1.0,0.0,1
2588,0.0,1.0,1.0,1.0,0.0,1.0,0.0,0.0,1
2591,1.0,0.0,1.0,1.0,0.0,0.0,1.0,0.0,1
2594,0.0,1.0,0.0,1.0,0.0,0.0,0.0,0.0,1
2595,0.0,0.0,0.0,1.0,0.0,2.0,1.0,1.0,0
2599,0.0,0.0,1.0,1.0,0.0,1.0,1.0,0.0,1
2600,0.0,0.0,0.0,0.0,0.0,2.0,1.0,1.0,0
2605,0.0,0.0,0.0,0.0,0.0,0.0,0.0,0.0,0
2606,0.0,0.0,0.0,1.0,0.0,2.0,0.0,1.0,0
2607,0.0,0.0,0.0,1.0,0.0,2.0,1.0,1.0,0
2608,0.0,0.0,0.0,1.0,0.0,2.0,0.0,1.0,0
2610,0.0,0.0,0.0,0.0,0.0,1.0,0.0,1.0,0
2613,0.0,0.0,0.0,1.0,1.0,0.0,1.0,0.0,1
2615,0.0,0.0,0.0,0.0,0.0,2.0,0.0,0.0,1
2616,0.0,0.0,0.0,1.0,0.0,2.0,0.0,0.0,1
2620,0.0,0.0,0.0,1.0,0.0,1.0,0.0,1.0,0
2621,0.0,0.0,0.0,1.0,0.0,1.0,0.0,1.0,0
2622,0.0,0.0,0.0,1.0,0.0,2.0,1.0,1.0,1
2623,0.0,0.0,0.0,1.0,0.0,1.0,0.0,0.0,0
2625,0.0,0.0,0.0,0.0,0.0,1.0,0.0,0.0,1
2626,0.0,0.0,0.0,0.0,0.0,1.0,0.0,1.0,1
2627,0.0,0.0,0.0,1.0,0.0,0.0,0.0,0.0,1
2628,0.0,0.0,0.0,1.0,0.0,1.0,0.0,0.0,1
2629,0.0,0.0,0.0,1.0,0.0,1.0,0.0,0.0,1
2630,0.0,1.0,0.0,1.0,0.0,0.0,1.0,1.0,0
2635,0.0,0.0,0.0,1.0,0.0,1.0,1.0,0.0,1
2638,0.0,1.0,1.0,1.0,0.0,1.0,0.0,0.0,1
2639,0.0,0.0,0.0,1.0,1.0,1.0,1.0,0.0,1
2644,0.0,0.0,0.0,0.0,0.0,2.0,1.0,1.0,0
2647,0.0,0.0,0.0,1.0,0.0,2.0,1.0,1.0,0
2650,0.0,0.0,0.0,0.0,1.0,1.0,1.0,0.0,0
2651,0.0,0.0,0.0,1.0,0.0,1.0,0.0,0.0,1
2653,0.0,0.0,0.0,1.0,1.0,2.0,1.0,1.0,0
2656,0.0,0.0,0.0,0.0,1.0,2.0,0.0,0.0,0
2657,1.0,0.0,1.0,1.0,0.0,2.0,0.0,0.0,1
2658,0.0,0.0,0.0,1.0,1.0,2.0,1.0,1.0,0
2660,0.0,1.0,0.0,1.0,0.0,1.0,0.0,0.0,1
2661,0.0,0.0,0.0,1.0,0.0,1.0,1.0,0.0,1
2664,0.0,0.0,0.0,1.0,0.0,0.0,0.0,0.0,1
2667,0.0,0.0,0.0,1.0,1.0,1.0,0.0,0.0,0
2668,0.0,0.0,1.0,0.0,0.0,0.0,1.0,0.0,1
2669,0.0,0.0,0.0,1.0,1.0,2.0,0.0,0.0,0
2670,0.0,0.0,0.0,1.0,0.0,1.0,1.0,0.0,1
2672,0.0,0.0,1.0,0.0,0.0,0.0,0.0,0.0,1
2673,0.0,0.0,0.0,1.0,0.0,0.0,0.0,1.0,1
2681,0.0,0.0,0.0,1.0,0.0,2.0,1.0,0.0,0
2682,0.0,0.0,0.0,1.0,0.0,0.0,1.0,1.0,1
2683,0.0,0.0,0.0,1.0,0.0,1.0,0.0,0.0,0
2684,0.0,0.0,0.0,1.0,1.0,1.0,1.0,1.0,1
2689,0.0,0.0,0.0,0.0,1.0,2.0,0.0,1.0,0
2693,0.0,0.0,0.0,1.0,0.0,2.0,0.0,0.0,1
2694,0.0,0.0,0.0,1.0,0.0,1.0,1.0,0.0,1
2697,0.0,0.0,0.0,0.0,1.0,1.0,0.0,0.0,0
2698,0.0,0.0,1.0,0.0,0.0,0.0,0.0,0.0,0
2700,0.0,0.0,0.0,0.0,0.0,0.0,1.0,0.0,0
2701,0.0,0.0,0.0,1.0,0.0,1.0,0.0,1.0,0
2703,0.0,0.0,0.0,1.0,0.0,2.0,1.0,0.0,1
2705,0.0,0.0,0.0,0.0,0.0,1.0,1.0,0.0,0
2710,0.0,1.0,0.0,1.0,0.0,1.0,0.0,0.0,0
2712,0.0,0.0,0.0,0.0,0.0,0.0,0.0,0.0,1
2713,0.0,0.0,0.0,0.0,0.0,0.0,1.0,0.0,1
2714,0.0,0.0,1.0,0.0,0.0,0.0,0.0,0.0,0
2715,0.0,0.0,0.0,1.0,0.0,1.0,1.0,1.0,0
2716,0.0,0.0,0.0,1.0,0.0,2.0,0.0,0.0,1
2719,0.0,0.0,0.0,0.0,0.0,0.0,0.0,0.0,1
2720,0.0,0.0,0.0,1.0,0.0,1.0,1.0,1.0,1
2722,0.0,0.0,0.0,1.0,0.0,1.0,1.0,1.0,1
2723,0.0,0.0,0.0,1.0,0.0,0.0,0.0,0.0,1
2728,0.0,0.0,0.0,0.0,1.0,1.0,1.0,0.0,0
2729,0.0,0.0,0.0,1.0,1.0,2.0,1.0,1.0,0
2730,0.0,0.0,0.0,1.0,0.0,1.0,0.0,1.0,1
2733,0.0,0.0,0.0,1.0,0.0,2.0,0.0,0.0,0
2734,0.0,0.0,0.0,1.0,0.0,2.0,0.0,1.0,0
2736,1.0,0.0,2.0,1.0,0.0,1.0,0.0,0.0,1
2737,0.0,0.0,0.0,0.0,0.0,1.0,1.0,0.0,0
2741,0.0,0.0,0.0,1.0,0.0,1.0,0.0,1.0,0
2742,0.0,0.0,0.0,1.0,0.0,1.0,1.0,1.0,1
2746,0.0,0.0,0.0,0.0,0.0,0.0,0.0,0.0,0
2747,0.0,0.0,0.0,0.0,0.0,1.0,1.0,1.0,0
2748,1.0,1.0,0.0,1.0,0.0,1.0,0.0,0.0,1
2751,0.0,0.0,0.0,0.0,0.0,1.0,1.0,0.0,0
2756,0.0,0.0,0.0,1.0,1.0,2.0,0.0,0.0,0
2759,0.0,0.0,1.0,1.0,0.0,0.0,0.0,0.0,1
2767,0.0,0.0,0.0,1.0,0.0,1.0,1.0,1.0,1
2768,0.0,0.0,0.0,1.0,1.0,1.0,0.0,0.0,1
2769,0.0,0.0,0.0,1.0,1.0,1.0,0.0,0.0,0
2770,0.0,0.0,0.0,1.0,1.0,1.0,0.0,0.0,0
2772,0.0,0.0,0.0,1.0,0.0,1.0,0.0,0.0,0
2773,0.0,0.0,0.0,1.0,0.0,2.0,1.0,1.0,1
2775,0.0,0.0,1.0,0.0,0.0,0.0,0.0,0.0,1
2776,0.0,0.0,0.0,0.0,0.0,0.0,0.0,1.0,1
2777,0.0,0.0,0.0,1.0,0.0,2.0,0.0,1.0,0
2779,0.0,0.0,0.0,0.0,0.0,2.0,1.0,0.0,1
2780,0.0,0.0,0.0,0.0,0.0,0.0,0.0,1.0,1
2781,0.0,0.0,0.0,0.0,0.0,1.0,1.0,1.0,1
2782,0.0,0.0,0.0,1.0,1.0,2.0,0.0,1.0,0
2783,0.0,0.0,0.0,1.0,0.0,1.0,0.0,1.0,0
2784,0.0,0.0,0.0,1.0,0.0,1.0,0.0,0.0,1
2787,0.0,0.0,0.0,0.0,1.0,1.0,1.0,1.0,0
2789,0.0,0.0,0.0,0.0,1.0,1.0,1.0,1.0,1
2796,0.0,0.0,0.0,1.0,0.0,1.0,0.0,0.0,0
2799,0.0,1.0,0.0,1.0,0.0,0.0,0.0,0.0,1
2800,0.0,0.0,1.0,1.0,0.0,1.0,1.0,0.0,1
2801,0.0,0.0,0.0,1.0,0.0,1.0,0.0,0.0,0
2804,0.0,0.0,0.0,0.0,0.0,2.0,1.0,1.0,0
2806,0.0,0.0,0.0,0.0,0.0,0.0,1.0,0.0,1
2811,0.0,0.0,0.0,1.0,0.0,1.0,0.0,0.0,0
2813,0.0,0.0,0.0,0.0,0.0,1.0,0.0,0.0,0
2814,0.0,0.0,0.0,1.0,1.0,1.0,0.0,0.0,0
2816,0.0,0.0,0.0,0.0,0.0,2.0,1.0,1.0,0
2818,0.0,0.0,0.0,1.0,0.0,2.0,0.0,0.0,0
2819,0.0,0.0,0.0,0.0,0.0,1.0,1.0,1.0,1
2820,0.0,0.0,0.0,1.0,1.0,1.0,0.0,0.0,0
2821,0.0,0.0,0.0,1.0,0.0,1.0,1.0,0.0,0
2823,0.0,0.0,1.0,1.0,0.0,1.0,1.0,0.0,1
2828,1.0,0.0,0.0,1.0,0.0,1.0,0.0,1.0,0
2830,0.0,0.0,0.0,1.0,0.0,2.0,0.0,0.0,0
2831,1.0,0.0,0.0,1.0,1.0,1.0,0.0,0.0,1
2832,0.0,0.0,0.0,1.0,0.0,1.0,0.0,0.0,0
2833,0.0,0.0,0.0,1.0,0.0,1.0,0.0,0.0,1
2834,0.0,1.0,1.0,1.0,0.0,1.0,0.0,0.0,1
2835,0.0,0.0,1.0,1.0,0.0,0.0,0.0,0.0,1
2836,1.0,0.0,0.0,1.0,0.0,1.0,0.0,0.0,0
2837,0.0,0.0,0.0,0.0,0.0,0.0,0.0,1.0,1
2838,0.0,0.0,0.0,1.0,0.0,1.0,1.0,0.0,0
2839,0.0,0.0,0.0,0.0,0.0,0.0,0.0,0.0,0
2843,1.0,0.0,0.0,1.0,0.0,1.0,0.0,0.0,0
2846,0.0,0.0,0.0,1.0,0.0,1.0,1.0,0.0,0
2849,0.0,0.0,0.0,0.0,0.0,0.0,0.0,1.0,0
2851,0.0,0.0,0.0,1.0,0.0,2.0,0.0,1.0,0
2852,0.0,0.0,0.0,1.0,0.0,1.0,1.0,0.0,1
2854,0.0,0.0,0.0,1.0,0.0,1.0,0.0,1.0,0
2856,0.0,0.0,0.0,1.0,0.0,1.0,0.0,1.0,1
2857,0.0,0.0,0.0,1.0,0.0,1.0,1.0,0.0,1
2862,0.0,1.0,1.0,1.0,0.0,1.0,0.0,1.0,0
2863,0.0,1.0,0.0,1.0,0.0,0.0,0.0,0.0,0
2864,0.0,0.0,0.0,0.0,0.0,0.0,0.0,1.0,1
2867,0.0,0.0,0.0,1.0,0.0,2.0,0.0,0.0,1
2868,0.0,0.0,0.0,1.0,0.0,1.0,1.0,0.0,0
2873,0.0,0.0,0.0,0.0,0.0,2.0,1.0,1.0,0
2874,0.0,0.0,0.0,1.0,1.0,1.0,0.0,0.0,0
2877,0.0,0.0,0.0,1.0,0.0,1.0,0.0,0.0,1
2881,0.0,0.0,0.0,1.0,0.0,1.0,1.0,1.0,0
2882,0.0,0.0,1.0,1.0,0.0,1.0,0.0,0.0,1
2883,0.0,0.0,0.0,0.0,0.0,1.0,0.0,1.0,0
2884,0.0,0.0,0.0,1.0,1.0,1.0,0.0,1.0,1
2889,0.0,0.0,0.0,1.0,0.0,2.0,0.0,0.0,1
2890,0.0,0.0,0.0,0.0,1.0,1.0,1.0,1.0,1
2893,0.0,0.0,0.0,1.0,0.0,2.0,0.0,1.0,1
2894,0.0,1.0,0.0,1.0,1.0,0.0,0.0,0.0,0
2898,0.0,0.0,0.0,0.0,0.0,2.0,0.0,1.0,0
2900,0.0,0.0,0.0,0.0,1.0,0.0,0.0,0.0,0
2901,0.0,0.0,0.0,1.0,1.0,1.0,0.0,0.0,0
2902,1.0,0.0,0.0,1.0,0.0,1.0,0.0,0.0,1
2903,0.0,0.0,0.0,0.0,0.0,0.0,1.0,1.0,0
2905,0.0,0.0,0.0,0.0,0.0,1.0,0.0,0.0,0
2906,0.0,0.0,0.0,1.0,0.0,1.0,0.0,0.0,1
2909,0.0,0.0,0.0,1.0,0.0,1.0,0.0,0.0,1
2912,1.0,0.0,0.0,1.0,0.0,0.0,1.0,0.0,1
2913,0.0,0.0,0.0,1.0,0.0,2.0,0.0,1.0,1
2914,0.0,0.0,0.0,0.0,1.0,1.0,0.0,0.0,1
2915,0.0,0.0,0.0,0.0,0.0,1.0,0.0,1.0,1
2916,0.0,0.0,0.0,0.0,0.0,0.0,0.0,0.0,0
2917,0.0,0.0,0.0,0.0,1.0,0.0,1.0,0.0,1
2919,0.0,0.0,0.0,1.0,1.0,2.0,0.0,0.0,1
2920,0.0,0.0,0.0,1.0,0.0,1.0,1.0,0.0,1
2921,0.0,0.0,0.0,1.0,0.0,1.0,0.0,1.0,1
2922,1.0,0.0,0.0,1.0,0.0,2.0,0.0,1.0,1
2923,0.0,0.0,0.0,1.0,0.0,1.0,1.0,0.0,0
2924,0.0,1.0,0.0,1.0,0.0,0.0,0.0,0.0,1
2925,0.0,0.0,0.0,1.0,0.0,2.0,0.0,1.0,0
2927,0.0,1.0,0.0,1.0,1.0,0.0,1.0,0.0,1
2931,0.0,0.0,0.0,1.0,0.0,0.0,0.0,1.0,1
2932,0.0,0.0,0.0,1.0,0.0,1.0,1.0,0.0,0
2934,0.0,0.0,0.0,1.0,0.0,0.0,0.0,1.0,0
2937,0.0,0.0,0.0,1.0,0.0,1.0,0.0,0.0,1
2939,0.0,0.0,0.0,1.0,0.0,2.0,0.0,0.0,1
2943,0.0,0.0,0.0,1.0,0.0,0.0,0.0,1.0,1
2945,0.0,0.0,0.0,0.0,0.0,1.0,1.0,0.0,0
2946,0.0,0.0,0.0,0.0,0.0,0.0,0.0,0.0,1
2947,0.0,0.0,0.0,0.0,0.0,2.0,0.0,0.0,0
2948,0.0,0.0,0.0,0.0,0.0,1.0,0.0,0.0,0
2952,0.0,0.0,0.0,0.0,0.0,1.0,0.0,1.0,0
2953,0.0,0.0,0.0,0.0,0.0,1.0,0.0,0.0,0
2954,0.0,0.0,0.0,1.0,1.0,0.0,0.0,0.0,0
2956,0.0,0.0,0.0,0.0,0.0,1.0,0.0,1.0,0
2957,0.0,0.0,0.0,1.0,0.0,2.0,0.0,0.0,0
2960,0.0,0.0,0.0,1.0,0.0,1.0,1.0,0.0,0
2963,0.0,0.0,0.0,1.0,0.0,1.0,0.0,0.0,1
2964,0.0,0.0,0.0,0.0,1.0,1.0,1.0,0.0,0
2965,0.0,0.0,1.0,1.0,0.0,2.0,1.0,1.0,0
2966,0.0,0.0,0.0,1.0,0.0,2.0,0.0,1.0,1
2968,0.0,0.0,0.0,1.0,0.0,1.0,0.0,1.0,0
2971,0.0,0.0,0.0,1.0,0.0,2.0,0.0,0.0,0
2972,0.0,0.0,0.0,1.0,1.0,2.0,0.0,1.0,1
2975,0.0,0.0,0.0,1.0,0.0,1.0,0.0,1.0,1
2976,0.0,0.0,0.0,1.0,0.0,2.0,1.0,1.0,1
2978,0.0,0.0,0.0,0.0,0.0,0.0,0.0,1.0,1
2979,0.0,0.0,0.0,0.0,0.0,2.0,1.0,1.0,1
2984,0.0,1.0,0.0,1.0,0.0,1.0,1.0,1.0,1
2986,0.0,0.0,0.0,0.0,0.0,1.0,0.0,0.0,1
2987,0.0,0.0,0.0,1.0,0.0,0.0,1.0,0.0,0
2990,0.0,0.0,0.0,1.0,0.0,2.0,1.0,0.0,1
2991,0.0,0.0,0.0,1.0,0.0,1.0,0.0,0.0,1
2992,0.0,0.0,0.0,1.0,0.0,2.0,0.0,1.0,1
2995,0.0,0.0,0.0,1.0,0.0,0.0,0.0,1.0,1
2998,0.0,0.0,0.0,0.0,1.0,1.0,0.0,0.0,0
3001,0.0,0.0,0.0,1.0,0.0,0.0,0.0,0.0,1
3004,1.0,0.0,0.0,1.0,0.0,1.0,0.0,0.0,1
3005,0.0,0.0,0.0,0.0,0.0,0.0,1.0,1.0,1
3008,0.0,0.0,0.0,1.0,0.0,1.0,0.0,0.0,0
3013,0.0,0.0,0.0,1.0,0.0,1.0,1.0,1.0,1
3017,0.0,0.0,0.0,0.0,0.0,0.0,1.0,0.0,0
3018,0.0,0.0,0.0,1.0,0.0,2.0,0.0,0.0,0
3021,0.0,0.0,0.0,1.0,0.0,1.0,0.0,0.0,0
3023,0.0,0.0,0.0,1.0,0.0,0.0,0.0,0.0,1
3027,0.0,0.0,0.0,1.0,0.0,1.0,0.0,0.0,1
3028,0.0,0.0,0.0,1.0,0.0,2.0,1.0,1.0,0
3029,0.0,0.0,1.0,0.0,0.0,0.0,0.0,1.0,1
3030,0.0,0.0,0.0,1.0,0.0,1.0,0.0,0.0,0
3032,0.0,0.0,0.0,1.0,0.0,1.0,1.0,0.0,0
3034,0.0,0.0,0.0,1.0,0.0,0.0,0.0,0.0,1
3038,0.0,0.0,0.0,1.0,0.0,1.0,0.0,0.0,0
3042,0.0,0.0,0.0,1.0,0.0,1.0,0.0,1.0,1
3044,0.0,0.0,0.0,1.0,0.0,2.0,0.0,1.0,0
3047,0.0,0.0,0.0,1.0,1.0,0.0,0.0,0.0,0
3048,0.0,0.0,0.0,0.0,0.0,1.0,0.0,1.0,0
3049,0.0,0.0,0.0,0.0,0.0,2.0,0.0,0.0,1
3051,0.0,0.0,0.0,0.0,0.0,2.0,0.0,0.0,1
3052,0.0,0.0,0.0,1.0,0.0,1.0,1.0,1.0,1
3054,0.0,0.0,0.0,1.0,0.0,1.0,0.0,0.0,0
3057,0.0,1.0,0.0,1.0,1.0,1.0,0.0,0.0,0
3058,0.0,0.0,0.0,1.0,0.0,1.0,1.0,0.0,1
3062,0.0,0.0,0.0,1.0,0.0,1.0,1.0,1.0,0
3064,0.0,0.0,0.0,1.0,0.0,0.0,0.0,0.0,1
3065,0.0,0.0,0.0,1.0,0.0,2.0,0.0,0.0,1
3067,0.0,0.0,0.0,1.0,0.0,2.0,0.0,0.0,1
3069,0.0,0.0,1.0,1.0,0.0,1.0,1.0,1.0,0
3072,0.0,0.0,0.0,1.0,0.0,2.0,1.0,0.0,0
3076,0.0,0.0,0.0,1.0,0.0,1.0,1.0,1.0,1
3077,0.0,0.0,0.0,1.0,1.0,1.0,1.0,0.0,1
3078,0.0,0.0,0.0,1.0,0.0,1.0,0.0,0.0,0
3079,0.0,0.0,0.0,1.0,0.0,1.0,0.0,0.0,0
3081,0.0,0.0,0.0,1.0,1.0,1.0,0.0,1.0,1
3083,0.0,0.0,1.0,1.0,0.0,0.0,0.0,0.0,1
3084,0.0,0.0,0.0,1.0,0.0,2.0,0.0,0.0,0
3085,0.0,0.0,0.0,1.0,0.0,1.0,0.0,0.0,1
3086,0.0,0.0,0.0,1.0,1.0,1.0,0.0,1.0,0
3088,0.0,0.0,0.0,0.0,0.0,0.0,0.0,0.0,0
3089,0.0,0.0,0.0,1.0,0.0,1.0,0.0,0.0,0
3093,0.0,0.0,1.0,0.0,0.0,0.0,0.0,0.0,1
3095,0.0,0.0,0.0,1.0,0.0,1.0,0.0,0.0,1
3096,0.0,0.0,0.0,1.0,0.0,1.0,0.0,0.0,1
3100,1.0,1.0,0.0,1.0,0.0,1.0,0.0,0.0,1
3105,0.0,0.0,0.0,0.0,1.0,1.0,0.0,0.0,0
3106,0.0,0.0,0.0,0.0,0.0,1.0,1.0,1.0,0
3107,0.0,0.0,0.0,0.0,0.0,0.0,0.0,1.0,1
3108,0.0,0.0,0.0,0.0,0.0,0.0,0.0,1.0,1
3110,0.0,0.0,1.0,1.0,1.0,1.0,1.0,0.0,0
3118,0.0,0.0,0.0,1.0,0.0,2.0,0.0,0.0,1
3120,0.0,0.0,0.0,0.0,0.0,1.0,0.0,1.0,0
3121,0.0,0.0,0.0,0.0,0.0,0.0,0.0,1.0,0
3122,0.0,0.0,0.0,0.0,0.0,2.0,1.0,1.0,0
3123,0.0,0.0,1.0,1.0,0.0,0.0,0.0,1.0,1
3125,0.0,0.0,0.0,1.0,0.0,1.0,0.0,0.0,1
3131,0.0,0.0,0.0,1.0,0.0,0.0,0.0,0.0,0
3133,0.0,0.0,0.0,1.0,0.0,0.0,0.0,0.0,0
3134,0.0,0.0,0.0,1.0,0.0,1.0,0.0,1.0,0
3135,0.0,0.0,0.0,0.0,0.0,2.0,1.0,1.0,0
3138,0.0,0.0,0.0,1.0,1.0,1.0,1.0,0.0,1
3143,0.0,0.0,0.0,1.0,0.0,0.0,0.0,0.0,1
3145,0.0,0.0,1.0,0.0,1.0,1.0,1.0,1.0,0
3150,0.0,0.0,0.0,1.0,0.0,1.0,1.0,0.0,1
3152,0.0,0.0,0.0,1.0,0.0,0.0,0.0,0.0,0
3155,0.0,0.0,0.0,1.0,0.0,1.0,0.0,0.0,1
3156,0.0,0.0,0.0,1.0,0.0,2.0,1.0,1.0,0
3157,0.0,0.0,0.0,1.0,0.0,1.0,0.0,0.0,1
3159,0.0,0.0,0.0,0.0,0.0,0.0,1.0,1.0,1
3160,0.0,0.0,0.0,0.0,0.0,0.0,0.0,0.0,1
3161,0.0,0.0,0.0,1.0,1.0,1.0,0.0,1.0,0
3162,0.0,0.0,0.0,0.0,0.0,1.0,1.0,1.0,1
3163,0.0,0.0,0.0,0.0,1.0,2.0,1.0,1.0,0
3167,0.0,0.0,0.0,0.0,0.0,2.0,0.0,1.0,0
3170,0.0,1.0,1.0,1.0,0.0,1.0,0.0,1.0,1
3173,0.0,0.0,0.0,1.0,0.0,2.0,1.0,1.0,0
3177,0.0,0.0,0.0,0.0,1.0,0.0,0.0,0.0,0
3178,0.0,0.0,0.0,1.0,0.0,1.0,0.0,1.0,1
3179,0.0,0.0,0.0,1.0,0.0,0.0,0.0,0.0,0
3181,0.0,0.0,0.0,1.0,0.0,0.0,0.0,1.0,1
3182,0.0,0.0,0.0,1.0,0.0,2.0,0.0,1.0,0
3184,0.0,0.0,0.0,1.0,0.0,1.0,0.0,0.0,1
3186,0.0,0.0,0.0,0.0,0.0,2.0,1.0,1.0,0
3188,0.0,0.0,0.0,0.0,0.0,1.0,1.0,1.0,0
3192,0.0,0.0,0.0,1.0,0.0,1.0,1.0,0.0,0
3193,0.0,0.0,0.0,1.0,0.0,0.0,0.0,0.0,1
3194,0.0,0.0,0.0,1.0,0.0,1.0,0.0,0.0,1
3195,0.0,0.0,0.0,1.0,0.0,1.0,0.0,1.0,1
3196,0.0,1.0,0.0,1.0,0.0,1.0,0.0,1.0,1
3200,0.0,0.0,0.0,1.0,1.0,1.0,0.0,1.0,1
3203,0.0,0.0,0.0,0.0,0.0,1.0,0.0,0.0,0
3204,0.0,0.0,0.0,0.0,1.0,0.0,0.0,1.0,1
3206,0.0,0.0,0.0,1.0,0.0,1.0,0.0,1.0,0
3207,0.0,0.0,0.0,1.0,0.0,1.0,0.0,1.0,0
3208,0.0,0.0,0.0,0.0,0.0,1.0,1.0,1.0,0
3210,0.0,0.0,0.0,1.0,0.0,1.0,1.0,0.0,1
3211,0.0,0.0,0.0,0.0,0.0,1.0,0.0,0.0,0
3212,0.0,1.0,0.0,1.0,0.0,1.0,1.0,0.0,1
3214,0.0,0.0,0.0,1.0,1.0,2.0,0.0,1.0,1
3218,1.0,0.0,0.0,1.0,0.0,1.0,0.0,0.0,1
3222,0.0,0.0,0.0,0.0,0.0,1.0,1.0,0.0,1
3223,0.0,0.0,0.0,0.0,0.0,2.0,1.0,0.0,0
3224,0.0,0.0,0.0,0.0,0.0,2.0,0.0,0.0,0
3225,0.0,0.0,0.0,0.0,1.0,1.0,0.0,0.0,1
3229,0.0,0.0,0.0,1.0,0.0,2.0,0.0,1.0,1
3231,0.0,0.0,0.0,0.0,0.0,0.0,1.0,0.0,1
3232,0.0,2.0,0.0,1.0,0.0,0.0,0.0,0.0,1
3233,0.0,0.0,1.0,1.0,0.0,1.0,0.0,0.0,1
3234,0.0,0.0,0.0,1.0,0.0,0.0,1.0,0.0,0
3235,0.0,0.0,0.0,1.0,0.0,1.0,1.0,0.0,0
3239,0.0,0.0,0.0,0.0,1.0,0.0,0.0,1.0,1
3242,0.0,0.0,1.0,1.0,0.0,1.0,0.0,0.0,0
3244,0.0,0.0,0.0,1.0,0.0,1.0,0.0,1.0,0
3250,0.0,1.0,0.0,1.0,0.0,1.0,0.0,0.0,1
3251,0.0,0.0,0.0,1.0,0.0,0.0,0.0,0.0,1
3253,0.0,0.0,0.0,1.0,0.0,1.0,0.0,1.0,1
3254,0.0,0.0,0.0,1.0,0.0,1.0,0.0,0.0,0
3256,0.0,0.0,0.0,1.0,0.0,0.0,0.0,0.0,1
3257,0.0,0.0,0.0,0.0,0.0,1.0,1.0,1.0,0
3258,0.0,0.0,0.0,1.0,0.0,2.0,0.0,0.0,0
3259,0.0,0.0,0.0,1.0,0.0,1.0,0.0,1.0,0
3261,0.0,0.0,0.0,1.0,0.0,0.0,1.0,0.0,0
3262,0.0,0.0,0.0,1.0,1.0,1.0,0.0,0.0,1
3265,0.0,0.0,0.0,1.0,0.0,1.0,0.0,1.0,1
3268,0.0,0.0,1.0,1.0,0.0,0.0,0.0,1.0,1
3270,0.0,0.0,0.0,1.0,1.0,1.0,0.0,1.0,1
3272,0.0,0.0,0.0,1.0,0.0,2.0,0.0,1.0,0
3274,0.0,1.0,1.0,1.0,0.0,0.0,0.0,0.0,1
3277,0.0,0.0,0.0,1.0,1.0,1.0,0.0,0.0,0
3279,0.0,0.0,0.0,1.0,0.0,2.0,0.0,0.0,1
3281,0.0,0.0,0.0,1.0,0.0,0.0,0.0,0.0,1
3282,0.0,0.0,1.0,0.0,0.0,0.0,0.0,1.0,0
3286,0.0,0.0,0.0,1.0,0.0,2.0,0.0,0.0,0
3287,0.0,0.0,0.0,0.0,0.0,1.0,1.0,1.0,0
3288,0.0,0.0,0.0,1.0,0.0,1.0,0.0,1.0,0
3291,2.0,0.0,0.0,1.0,0.0,1.0,0.0,0.0,1
3293,0.0,0.0,0.0,1.0,0.0,1.0,0.0,0.0,1
3295,0.0,0.0,0.0,1.0,0.0,0.0,1.0,0.0,1
3296,0.0,0.0,1.0,1.0,0.0,1.0,0.0,0.0,1
3298,0.0,0.0,0.0,1.0,0.0,0.0,0.0,1.0,1
3299,0.0,0.0,0.0,0.0,1.0,2.0,1.0,1.0,1
3300,0.0,0.0,0.0,0.0,0.0,0.0,0.0,1.0,1
3303,0.0,0.0,0.0,1.0,0.0,2.0,0.0,0.0,0
3307,0.0,0.0,0.0,1.0,0.0,2.0,1.0,1.0,0
3309,0.0,0.0,0.0,1.0,0.0,1.0,0.0,0.0,1
3310,0.0,0.0,0.0,1.0,0.0,1.0,0.0,0.0,0
3311,0.0,0.0,0.0,1.0,0.0,1.0,0.0,0.0,0
3312,0.0,0.0,0.0,1.0,0.0,2.0,1.0,1.0,0
3313,0.0,0.0,0.0,0.0,0.0,1.0,0.0,0.0,0
3316,0.0,0.0,0.0,1.0,0.0,1.0,0.0,0.0,1
3318,0.0,0.0,0.0,1.0,0.0,1.0,0.0,0.0,1
3319,0.0,0.0,0.0,0.0,0.0,1.0,1.0,0.0,0
3320,0.0,0.0,0.0,1.0,1.0,2.0,1.0,1.0,0
3321,0.0,0.0,0.0,1.0,0.0,1.0,1.0,0.0,0
3324,0.0,0.0,0.0,1.0,0.0,1.0,1.0,0.0,1
3326,0.0,0.0,0.0,1.0,0.0,1.0,0.0,1.0,1
3328,0.0,0.0,1.0,1.0,0.0,1.0,1.0,1.0,1
3331,0.0,0.0,0.0,1.0,1.0,1.0,0.0,1.0,1
3332,0.0,0.0,0.0,1.0,0.0,0.0,0.0,0.0,1
3333,1.0,1.0,0.0,1.0,0.0,1.0,1.0,0.0,1
3334,0.0,0.0,0.0,0.0,0.0,1.0,0.0,0.0,0
3335,0.0,0.0,0.0,1.0,0.0,1.0,0.0,1.0,1
3337,0.0,0.0,0.0,0.0,1.0,1.0,0.0,1.0,1
3338,1.0,1.0,0.0,1.0,0.0,1.0,0.0,0.0,1
3341,0.0,0.0,1.0,1.0,0.0,0.0,0.0,0.0,1
3342,0.0,0.0,0.0,1.0,0.0,0.0,1.0,0.0,1
3343,0.0,0.0,0.0,0.0,1.0,0.0,0.0,1.0,0
3346,0.0,0.0,0.0,0.0,0.0,2.0,1.0,1.0,0
3347,0.0,0.0,0.0,1.0,1.0,1.0,1.0,0.0,0
3348,0.0,0.0,0.0,0.0,0.0,0.0,0.0,1.0,1
3349,0.0,0.0,0.0,0.0,0.0,1.0,0.0,0.0,0
3350,0.0,0.0,0.0,1.0,0.0,2.0,1.0,0.0,1
3352,0.0,0.0,0.0,1.0,0.0,1.0,0.0,1.0,0
3354,0.0,0.0,0.0,0.0,1.0,1.0,0.0,1.0,0
3356,0.0,0.0,1.0,1.0,0.0,0.0,0.0,0.0,0
3359,0.0,0.0,0.0,1.0,0.0,2.0,0.0,0.0,1
3360,0.0,0.0,0.0,0.0,0.0,2.0,0.0,0.0,1
3362,0.0,0.0,0.0,1.0,0.0,2.0,1.0,0.0,0
3367,0.0,0.0,0.0,1.0,0.0,0.0,0.0,0.0,1
3369,0.0,0.0,0.0,0.0,0.0,2.0,1.0,1.0,0
3370,0.0,0.0,0.0,0.0,0.0,0.0,0.0,1.0,1
3371,0.0,0.0,0.0,1.0,0.0,1.0,0.0,1.0,1
3379,0.0,0.0,0.0,1.0,0.0,1.0,0.0,1.0,1
3381,0.0,1.0,1.0,1.0,0.0,1.0,0.0,0.0,1
3382,0.0,0.0,0.0,1.0,1.0,1.0,0.0,0.0,1
3383,0.0,0.0,0.0,0.0,0.0,0.0,0.0,0.0,0
3385,0.0,0.0,0.0,1.0,1.0,2.0,1.0,1.0,0
3386,2.0,1.0,0.0,1.0,0.0,1.0,0.0,1.0,1
3387,0.0,0.0,0.0,0.0,0.0,2.0,1.0,1.0,0
3388,0.0,0.0,0.0,1.0,1.0,1.0,0.0,1.0,1
3389,0.0,0.0,0.0,1.0,1.0,1.0,1.0,0.0,1
3391,0.0,0.0,0.0,0.0,0.0,0.0,1.0,1.0,0
3394,0.0,0.0,0.0,1.0,0.0,1.0,1.0,1.0,0
3395,0.0,0.0,0.0,1.0,0.0,1.0,0.0,0.0,1
3396,0.0,0.0,0.0,1.0,1.0,2.0,1.0,1.0,0
3397,0.0,0.0,0.0,0.0,1.0,0.0,1.0,0.0,0
3399,0.0,0.0,1.0,1.0,0.0,0.0,1.0,1.0,1
3400,0.0,0.0,0.0,1.0,0.0,1.0,0.0,0.0,1
3404,0.0,0.0,0.0,0.0,0.0,0.0,0.0,1.0,0
3406,0.0,0.0,0.0,1.0,0.0,2.0,0.0,0.0,1
3408,0.0,0.0,0.0,1.0,0.0,1.0,0.0,0.0,1
3409,0.0,0.0,0.0,0.0,1.0,1.0,0.0,0.0,0
3410,0.0,0.0,1.0,1.0,0.0,0.0,0.0,1.0,0
3411,0.0,0.0,0.0,1.0,0.0,1.0,0.0,0.0,1
3412,0.0,0.0,0.0,1.0,0.0,1.0,0.0,0.0,1
3414,0.0,0.0,0.0,1.0,0.0,1.0,0.0,0.0,1
3416,0.0,0.0,0.0,0.0,0.0,2.0,0.0,1.0,0
3418,0.0,0.0,0.0,0.0,1.0,0.0,0.0,0.0,1
3420,0.0,0.0,0.0,1.0,1.0,1.0,1.0,1.0,1
3421,0.0,0.0,0.0,1.0,0.0,2.0,1.0,0.0,1
3425,0.0,0.0,1.0,1.0,0.0,1.0,1.0,1.0,0
3428,0.0,0.0,0.0,1.0,0.0,0.0,1.0,1.0,0
3429,0.0,0.0,0.0,1.0,0.0,1.0,0.0,1.0,0
3431,0.0,0.0,0.0,0.0,1.0,1.0,1.0,0.0,0
3434,0.0,0.0,0.0,1.0,0.0,1.0,0.0,0.0,0
3438,2.0,0.0,0.0,1.0,0.0,0.0,0.0,0.0,1
3441,0.0,0.0,0.0,1.0,0.0,2.0,0.0,0.0,0
3443,0.0,0.0,0.0,0.0,0.0,1.0,0.0,1.0,1
3444,0.0,0.0,0.0,1.0,1.0,1.0,1.0,0.0,0
3448,0.0,0.0,0.0,1.0,0.0,1.0,0.0,0.0,1
3450,0.0,0.0,0.0,1.0,0.0,0.0,1.0,1.0,0
3454,0.0,0.0,0.0,1.0,0.0,2.0,1.0,1.0,0
3455,0.0,0.0,0.0,0.0,0.0,1.0,1.0,1.0,0
3456,0.0,0.0,0.0,1.0,0.0,0.0,0.0,0.0,1
3457,0.0,0.0,0.0,0.0,1.0,1.0,1.0,0.0,0
3460,0.0,0.0,0.0,0.0,0.0,0.0,1.0,0.0,0
3463,0.0,0.0,0.0,1.0,1.0,1.0,0.0,1.0,0
3465,0.0,0.0,0.0,1.0,0.0,1.0,0.0,0.0,0
3469,0.0,0.0,0.0,0.0,0.0,1.0,0.0,0.0,1
3470,0.0,0.0,0.0,0.0,0.0,1.0,1.0,1.0,0
3471,0.0,0.0,0.0,1.0,0.0,1.0,0.0,0.0,0
3472,0.0,0.0,0.0,0.0,1.0,1.0,1.0,1.0,1
3475,0.0,0.0,0.0,1.0,0.0,0.0,1.0,0.0,1
3478,0.0,0.0,0.0,1.0,0.0,1.0,0.0,0.0,1
3479,0.0,0.0,0.0,0.0,0.0,1.0,1.0,1.0,0
3481,0.0,0.0,1.0,1.0,0.0,0.0,0.0,0.0,1
3483,0.0,0.0,0.0,1.0,0.0,1.0,1.0,0.0,0
3484,0.0,0.0,0.0,1.0,0.0,1.0,0.0,0.0,0
3486,0.0,0.0,0.0,0.0,0.0,1.0,1.0,0.0,0
3488,0.0,0.0,1.0,1.0,0.0,0.0,0.0,0.0,1
3489,0.0,0.0,0.0,1.0,0.0,1.0,0.0,0.0,1
3490,0.0,0.0,1.0,1.0,0.0,1.0,0.0,0.0,0
3495,0.0,0.0,0.0,0.0,0.0,1.0,1.0,0.0,1
3496,0.0,0.0,0.0,1.0,1.0,2.0,0.0,1.0,0
3497,0.0,0.0,0.0,0.0,0.0,1.0,1.0,1.0,1
3498,0.0,0.0,0.0,1.0,1.0,2.0,0.0,1.0,0
3499,0.0,0.0,0.0,1.0,0.0,1.0,0.0,1.0,0
3501,0.0,0.0,1.0,1.0,0.0,0.0,0.0,0.0,0
3503,0.0,0.0,0.0,1.0,0.0,0.0,0.0,0.0,0
3504,0.0,0.0,0.0,1.0,1.0,1.0,1.0,1.0,0
3507,0.0,0.0,0.0,1.0,0.0,0.0,0.0,1.0,1
3509,0.0,0.0,0.0,1.0,1.0,2.0,1.0,1.0,0
3511,0.0,0.0,0.0,1.0,0.0,2.0,1.0,1.0,0
3512,0.0,1.0,0.0,1.0,0.0,1.0,1.0,0.0,1
3513,0.0,1.0,0.0,1.0,0.0,1.0,0.0,0.0,1
3514,0.0,1.0,1.0,1.0,0.0,0.0,0.0,0.0,1
3515,0.0,0.0,0.0,1.0,0.0,2.0,1.0,0.0,0
3518,0.0,0.0,0.0,1.0,0.0,1.0,0.0,0.0,1
3519,0.0,0.0,0.0,1.0,0.0,1.0,0.0,1.0,0
3521,0.0,0.0,0.0,1.0,1.0,2.0,1.0,1.0,0
3522,0.0,0.0,0.0,1.0,0.0,1.0,0.0,1.0,1
3524,0.0,0.0,0.0,0.0,0.0,2.0,1.0,1.0,0
3525,0.0,0.0,0.0,0.0,1.0,0.0,0.0,1.0,0
3526,0.0,0.0,0.0,1.0,0.0,1.0,0.0,0.0,0
3527,0.0,0.0,0.0,1.0,1.0,1.0,1.0,0.0,1
3528,0.0,0.0,0.0,1.0,1.0,1.0,0.0,1.0,0
3529,0.0,0.0,0.0,0.0,0.0,1.0,0.0,0.0,0
3530,0.0,0.0,0.0,1.0,1.0,1.0,0.0,0.0,0
3533,0.0,0.0,0.0,1.0,0.0,0.0,0.0,0.0,1
3535,0.0,1.0,1.0,1.0,0.0,0.0,0.0,0.0,1
3537,0.0,0.0,0.0,1.0,0.0,1.0,0.0,1.0,1
3539,0.0,0.0,0.0,0.0,1.0,1.0,0.0,0.0,0
3544,0.0,0.0,0.0,1.0,1.0,0.0,0.0,0.0,1
3545,0.0,0.0,0.0,0.0,0.0,1.0,0.0,0.0,0
3546,0.0,1.0,0.0,1.0,0.0,0.0,0.0,1.0,1
3549,0.0,0.0,0.0,0.0,0.0,1.0,0.0,0.0,0
3550,0.0,0.0,0.0,1.0,0.0,1.0,1.0,1.0,0
3551,0.0,0.0,0.0,1.0,1.0,1.0,0.0,1.0,0
3552,0.0,0.0,0.0,0.0,1.0,1.0,1.0,0.0,0
3559,0.0,0.0,0.0,1.0,0.0,2.0,0.0,1.0,1
3560,0.0,0.0,0.0,1.0,0.0,1.0,1.0,0.0,1
3563,0.0,0.0,0.0,1.0,0.0,1.0,0.0,0.0,0
3564,1.0,0.0,0.0,1.0,1.0,0.0,0.0,0.0,1
3565,0.0,0.0,0.0,1.0,0.0,0.0,1.0,0.0,1
3568,0.0,0.0,0.0,1.0,0.0,1.0,0.0,1.0,0
3569,0.0,0.0,0.0,1.0,0.0,1.0,1.0,0.0,0
3570,0.0,0.0,0.0,1.0,0.0,1.0,0.0,1.0,1
3572,0.0,0.0,0.0,1.0,1.0,1.0,0.0,1.0,1
3573,0.0,0.0,0.0,1.0,1.0,1.0,0.0,1.0,1
3576,0.0,0.0,0.0,1.0,1.0,1.0,0.0,0.0,1
3577,0.0,0.0,0.0,1.0,0.0,1.0,1.0,1.0,1
3578,0.0,0.0,0.0,0.0,0.0,1.0,0.0,0.0,0
3582,0.0,0.0,0.0,1.0,0.0,1.0,0.0,0.0,1
3583,0.0,0.0,0.0,0.0,0.0,1.0,0.0,1.0,0
3585,0.0,0.0,0.0,1.0,0.0,0.0,0.0,0.0,0
3587,0.0,0.0,1.0,1.0,0.0,1.0,0.0,0.0,1
3590,0.0,0.0,0.0,1.0,0.0,0.0,0.0,0.0,0
3593,0.0,0.0,0.0,0.0,0.0,1.0,1.0,0.0,0
3594,0.0,0.0,0.0,1.0,1.0,1.0,0.0,1.0,1
3596,0.0,0.0,1.0,1.0,0.0,1.0,0.0,0.0,1
3597,0.0,0.0,0.0,1.0,0.0,0.0,0.0,1.0,0
3598,0.0,0.0,1.0,1.0,0.0,1.0,0.0,1.0,0
3604,0.0,0.0,0.0,0.0,0.0,1.0,0.0,1.0,0
3608,0.0,0.0,0.0,1.0,0.0,1.0,1.0,0.0,1
3610,0.0,0.0,0.0,1.0,0.0,2.0,1.0,0.0,1
3612,0.0,0.0,0.0,1.0,0.0,1.0,0.0,0.0,1
3613,0.0,0.0,0.0,1.0,0.0,1.0,0.0,0.0,0
3618,0.0,0.0,0.0,1.0,0.0,1.0,0.0,0.0,0
3619,0.0,0.0,0.0,1.0,0.0,2.0,0.0,0.0,0
3624,0.0,0.0,0.0,1.0,1.0,2.0,1.0,1.0,1
3627,0.0,0.0,0.0,1.0,0.0,2.0,0.0,1.0,1
3629,0.0,0.0,0.0,1.0,0.0,2.0,0.0,1.0,0
3631,1.0,0.0,0.0,1.0,0.0,1.0,1.0,0.0,0
3635,0.0,0.0,0.0,1.0,0.0,1.0,0.0,1.0,1
3636,0.0,0.0,0.0,1.0,0.0,2.0,1.0,0.0,1
3641,1.0,0.0,0.0,1.0,0.0,1.0,0.0,1.0,1
3642,0.0,0.0,0.0,1.0,0.0,1.0,1.0,0.0,0
3643,0.0,0.0,0.0,1.0,0.0,2.0,1.0,0.0,1
3645,0.0,0.0,0.0,1.0,0.0,1.0,0.0,1.0,1
3646,0.0,0.0,0.0,1.0,0.0,1.0,0.0,1.0,1
3648,0.0,0.0,0.0,0.0,0.0,0.0,0.0,0.0,1
3649,0.0,0.0,0.0,1.0,0.0,2.0,0.0,1.0,1
3650,1.0,0.0,0.0,1.0,0.0,0.0,0.0,0.0,0
3651,0.0,0.0,0.0,1.0,1.0,1.0,0.0,1.0,1
3652,0.0,0.0,0.0,0.0,0.0,2.0,0.0,1.0,1
3658,0.0,0.0,0.0,1.0,0.0,1.0,1.0,1.0,1
3661,0.0,0.0,0.0,1.0,0.0,0.0,0.0,0.0,1
3667,0.0,0.0,0.0,1.0,0.0,1.0,0.0,0.0,1
3669,0.0,0.0,0.0,1.0,0.0,1.0,0.0,1.0,1
3673,0.0,0.0,0.0,1.0,0.0,2.0,1.0,0.0,1
3674,0.0,0.0,0.0,1.0,0.0,1.0,0.0,0.0,1
3676,0.0,0.0,0.0,1.0,0.0,2.0,1.0,0.0,0
3685,0.0,0.0,0.0,1.0,0.0,1.0,0.0,1.0,0
3686,0.0,0.0,0.0,1.0,1.0,1.0,0.0,1.0,1
3689,0.0,0.0,0.0,1.0,1.0,0.0,0.0,1.0,0
3694,0.0,0.0,0.0,0.0,0.0,2.0,1.0,1.0,1
3695,1.0,0.0,0.0,1.0,0.0,1.0,0.0,0.0,0
3696,0.0,1.0,0.0,1.0,0.0,1.0,0.0,1.0,1
3697,0.0,0.0,0.0,0.0,0.0,1.0,0.0,0.0,0
3698,0.0,0.0,0.0,0.0,0.0,1.0,0.0,0.0,0
3701,0.0,0.0,0.0,1.0,0.0,1.0,0.0,0.0,0
3705,0.0,0.0,1.0,1.0,0.0,1.0,1.0,1.0,0
3707,0.0,0.0,0.0,1.0,0.0,1.0,0.0,1.0,0
3708,0.0,0.0,0.0,1.0,0.0,1.0,0.0,0.0,1
3709,0.0,0.0,0.0,1.0,0.0,1.0,1.0,1.0,1
3711,0.0,0.0,0.0,1.0,0.0,0.0,1.0,1.0,0
3719,0.0,0.0,1.0,1.0,0.0,1.0,1.0,0.0,1
3721,0.0,0.0,0.0,1.0,0.0,1.0,0.0,0.0,1
3723,0.0,0.0,0.0,1.0,0.0,1.0,0.0,1.0,1
3726,0.0,0.0,0.0,0.0,0.0,2.0,1.0,1.0,1
3728,0.0,0.0,0.0,1.0,0.0,0.0,0.0,1.0,1
3729,0.0,0.0,0.0,1.0,0.0,1.0,0.0,1.0,1
3732,0.0,0.0,0.0,1.0,0.0,2.0,0.0,0.0,0
3734,0.0,0.0,0.0,1.0,1.0,0.0,0.0,0.0,1
3735,0.0,0.0,0.0,0.0,0.0,0.0,0.0,0.0,0
3736,0.0,0.0,0.0,1.0,0.0,1.0,1.0,0.0,0
3738,0.0,0.0,0.0,0.0,0.0,1.0,1.0,1.0,0
3739,0.0,0.0,0.0,1.0,0.0,2.0,0.0,0.0,0
3741,0.0,0.0,0.0,1.0,1.0,1.0,0.0,1.0,0
3744,0.0,0.0,0.0,1.0,1.0,1.0,0.0,0.0,1
3745,0.0,0.0,0.0,1.0,0.0,1.0,0.0,0.0,0
3747,0.0,0.0,1.0,1.0,0.0,0.0,1.0,0.0,1
3748,0.0,0.0,0.0,0.0,1.0,1.0,1.0,0.0,0
3749,0.0,0.0,0.0,1.0,0.0,1.0,0.0,0.0,1
3751,0.0,0.0,0.0,1.0,0.0,1.0,1.0,0.0,1
3752,0.0,0.0,0.0,1.0,1.0,1.0,0.0,0.0,1
3755,0.0,0.0,0.0,0.0,0.0,0.0,0.0,0.0,0
3756,0.0,0.0,0.0,0.0,1.0,0.0,1.0,0.0,1
3757,0.0,0.0,0.0,1.0,0.0,2.0,0.0,0.0,0
3763,0.0,0.0,0.0,0.0,0.0,1.0,0.0,0.0,0
3764,0.0,0.0,0.0,0.0,1.0,2.0,1.0,1.0,0
3766,0.0,0.0,0.0,1.0,1.0,1.0,0.0,1.0,0
3767,0.0,0.0,0.0,1.0,1.0,2.0,1.0,1.0,0
3768,0.0,0.0,0.0,1.0,1.0,0.0,1.0,0.0,0
3771,0.0,0.0,0.0,0.0,1.0,1.0,1.0,0.0,0
3774,0.0,0.0,0.0,1.0,0.0,0.0,0.0,0.0,1
3775,0.0,0.0,0.0,0.0,0.0,1.0,0.0,0.0,0
3776,0.0,0.0,0.0,1.0,0.0,1.0,1.0,0.0,1
3777,0.0,0.0,0.0,1.0,0.0,2.0,0.0,0.0,1
3781,0.0,1.0,0.0,1.0,0.0,1.0,0.0,0.0,0
3783,0.0,0.0,0.0,1.0,0.0,1.0,1.0,1.0,1
3785,0.0,0.0,0.0,0.0,1.0,0.0,0.0,0.0,1
3788,0.0,0.0,0.0,1.0,1.0,2.0,0.0,1.0,0
3796,0.0,1.0,0.0,1.0,0.0,0.0,0.0,0.0,1
3797,0.0,0.0,0.0,1.0,1.0,2.0,0.0,1.0,1
3798,0.0,0.0,0.0,1.0,0.0,1.0,0.0,1.0,1
3802,0.0,1.0,1.0,1.0,0.0,0.0,0.0,0.0,1
3803,0.0,0.0,1.0,1.0,0.0,1.0,1.0,1.0,0
3804,0.0,0.0,0.0,0.0,1.0,2.0,1.0,1.0,0
3805,0.0,0.0,0.0,0.0,1.0,1.0,1.0,1.0,0
3807,0.0,0.0,0.0,0.0,0.0,2.0,1.0,0.0,0
3808,0.0,0.0,0.0,0.0,0.0,1.0,1.0,0.0,0
3810,0.0,0.0,0.0,1.0,0.0,2.0,0.0,1.0,0
3813,0.0,0.0,0.0,1.0,0.0,2.0,0.0,0.0,0
3815,0.0,0.0,0.0,0.0,0.0,1.0,0.0,1.0,0
3818,0.0,0.0,0.0,0.0,0.0,1.0,1.0,1.0,0
3820,0.0,0.0,0.0,0.0,0.0,2.0,1.0,1.0,0
3821,0.0,2.0,1.0,1.0,0.0,1.0,0.0,0.0,1
3823,0.0,0.0,0.0,1.0,0.0,2.0,0.0,0.0,1
3824,0.0,0.0,1.0,1.0,0.0,0.0,0.0,0.0,1
3825,0.0,0.0,0.0,1.0,0.0,1.0,1.0,1.0,1
3830,0.0,0.0,0.0,0.0,0.0,2.0,0.0,0.0,0
3833,0.0,0.0,0.0,1.0,0.0,1.0,0.0,0.0,1
3837,0.0,1.0,0.0,1.0,0.0,0.0,0.0,0.0,0
3838,0.0,0.0,0.0,0.0,0.0,0.0,0.0,0.0,0
3839,0.0,0.0,0.0,1.0,0.0,1.0,0.0,1.0,0
3840,2.0,0.0,0.0,1.0,0.0,1.0,0.0,0.0,1
3842,0.0,0.0,0.0,1.0,1.0,1.0,0.0,0.0,0
3843,0.0,0.0,0.0,1.0,1.0,1.0,0.0,1.0,1
3845,0.0,0.0,0.0,1.0,0.0,0.0,0.0,1.0,0
3847,0.0,0.0,0.0,1.0,0.0,1.0,0.0,1.0,0
3849,0.0,0.0,0.0,0.0,0.0,1.0,0.0,0.0,0
3850,0.0,0.0,0.0,1.0,0.0,1.0,1.0,0.0,1
3851,0.0,0.0,0.0,1.0,0.0,1.0,0.0,0.0,1
3854,0.0,0.0,0.0,0.0,0.0,1.0,0.0,0.0,0
3857,0.0,0.0,0.0,1.0,0.0,1.0,1.0,0.0,0
3860,0.0,0.0,0.0,0.0,0.0,1.0,1.0,0.0,0
3862,0.0,0.0,0.0,1.0,0.0,1.0,1.0,0.0,1
3863,0.0,1.0,0.0,1.0,0.0,1.0,0.0,1.0,1
3866,0.0,0.0,0.0,0.0,0.0,1.0,1.0,0.0,1
3869,1.0,0.0,0.0,1.0,1.0,1.0,1.0,0.0,1
3870,0.0,0.0,0.0,1.0,0.0,2.0,0.0,1.0,0
3872,0.0,0.0,0.0,1.0,0.0,1.0,0.0,0.0,0
3876,0.0,0.0,0.0,0.0,1.0,2.0,0.0,1.0,0
3880,0.0,0.0,0.0,0.0,1.0,2.0,1.0,1.0,0
3882,0.0,0.0,0.0,0.0,0.0,2.0,1.0,1.0,0
3884,0.0,0.0,0.0,1.0,0.0,1.0,1.0,0.0,1
3885,0.0,0.0,0.0,1.0,0.0,1.0,0.0,1.0,0
3888,0.0,0.0,0.0,1.0,0.0,2.0,0.0,1.0,0
3890,0.0,0.0,0.0,1.0,0.0,1.0,1.0,0.0,1
3892,0.0,0.0,0.0,1.0,0.0,1.0,1.0,1.0,0
3894,0.0,0.0,0.0,0.0,1.0,1.0,0.0,0.0,0
3895,0.0,0.0,0.0,0.0,1.0,1.0,0.0,1.0,1
3899,0.0,0.0,0.0,0.0,0.0,1.0,1.0,1.0,1
3902,0.0,0.0,0.0,1.0,0.0,2.0,1.0,1.0,0
3904,1.0,1.0,1.0,1.0,0.0,0.0,0.0,0.0,1
3905,0.0,0.0,0.0,1.0,0.0,2.0,1.0,1.0,0
3907,0.0,0.0,0.0,1.0,1.0,2.0,0.0,1.0,0
3908,0.0,0.0,0.0,1.0,0.0,1.0,1.0,0.0,0
3909,0.0,0.0,0.0,1.0,0.0,1.0,0.0,1.0,0
3910,0.0,0.0,0.0,1.0,0.0,0.0,0.0,1.0,0
3911,0.0,0.0,0.0,1.0,0.0,1.0,0.0,0.0,1
3913,0.0,0.0,0.0,0.0,0.0,0.0,1.0,0.0,0
3916,0.0,1.0,0.0,1.0,0.0,1.0,1.0,0.0,1
3920,0.0,0.0,0.0,1.0,0.0,2.0,1.0,0.0,1
3922,0.0,0.0,0.0,1.0,0.0,1.0,1.0,0.0,0
3923,0.0,0.0,0.0,1.0,0.0,1.0,0.0,0.0,0
3924,0.0,0.0,0.0,1.0,0.0,1.0,1.0,0.0,1
3926,0.0,0.0,0.0,1.0,0.0,1.0,0.0,0.0,1
3927,0.0,0.0,0.0,0.0,0.0,1.0,1.0,0.0,0
3929,0.0,0.0,0.0,1.0,0.0,2.0,1.0,1.0,1
3936,0.0,0.0,0.0,1.0,0.0,1.0,0.0,0.0,0
3937,1.0,1.0,0.0,1.0,0.0,1.0,0.0,0.0,1
3938,0.0,0.0,0.0,1.0,0.0,1.0,1.0,0.0,0
3939,1.0,0.0,0.0,1.0,0.0,0.0,0.0,0.0,1
3940,0.0,0.0,0.0,1.0,1.0,0.0,1.0,1.0,0
3941,0.0,0.0,0.0,1.0,0.0,1.0,0.0,0.0,0
3948,0.0,0.0,0.0,1.0,0.0,2.0,1.0,1.0,1
3951,0.0,0.0,0.0,1.0,0.0,0.0,0.0,0.0,1
3952,0.0,0.0,0.0,1.0,0.0,1.0,0.0,0.0,0
3953,0.0,0.0,0.0,1.0,0.0,1.0,1.0,0.0,1
3955,0.0,0.0,1.0,1.0,0.0,1.0,0.0,0.0,1
3956,0.0,0.0,0.0,0.0,1.0,1.0,1.0,0.0,0
3957,0.0,0.0,0.0,0.0,0.0,2.0,1.0,1.0,0
3958,0.0,0.0,0.0,0.0,0.0,1.0,0.0,1.0,0
3959,0.0,0.0,0.0,0.0,1.0,0.0,1.0,1.0,0
3962,0.0,0.0,0.0,1.0,0.0,1.0,0.0,0.0,1
3963,0.0,0.0,0.0,1.0,0.0,2.0,0.0,0.0,1
3964,0.0,0.0,0.0,1.0,0.0,1.0,0.0,1.0,0
3966,0.0,0.0,0.0,1.0,0.0,1.0,0.0,0.0,1
3969,0.0,0.0,0.0,0.0,0.0,2.0,1.0,1.0,0
3972,0.0,0.0,0.0,0.0,1.0,1.0,1.0,0.0,0
3975,0.0,0.0,0.0,1.0,0.0,1.0,0.0,1.0,1
3976,0.0,0.0,0.0,0.0,0.0,1.0,0.0,0.0,0
3978,0.0,0.0,0.0,1.0,1.0,1.0,0.0,1.0,0
3982,0.0,0.0,1.0,1.0,0.0,0.0,0.0,0.0,1
3983,0.0,0.0,0.0,1.0,0.0,2.0,1.0,1.0,0
3984,0.0,0.0,0.0,1.0,0.0,2.0,0.0,1.0,0
3987,0.0,0.0,0.0,1.0,0.0,1.0,1.0,0.0,0
3988,0.0,0.0,0.0,1.0,1.0,1.0,0.0,1.0,0
3991,0.0,0.0,0.0,1.0,1.0,1.0,0.0,0.0,1
3994,0.0,0.0,0.0,0.0,1.0,1.0,1.0,1.0,0
3995,0.0,0.0,0.0,0.0,0.0,1.0,1.0,0.0,0
3999,0.0,0.0,0.0,1.0,0.0,2.0,0.0,0.0,1
4000,0.0,0.0,0.0,1.0,1.0,2.0,0.0,0.0,1
4001,0.0,0.0,0.0,1.0,0.0,1.0,1.0,0.0,0
4002,0.0,0.0,0.0,1.0,0.0,1.0,0.0,0.0,0
4009,0.0,0.0,0.0,1.0,1.0,1.0,1.0,0.0,1
4010,0.0,0.0,0.0,1.0,1.0,1.0,0.0,1.0,1
4012,1.0,0.0,0.0,1.0,0.0,0.0,0.0,0.0,1
4015,0.0,0.0,0.0,1.0,1.0,1.0,1.0,0.0,0
4016,0.0,0.0,0.0,1.0,0.0,1.0,0.0,0.0,0
4017,0.0,0.0,0.0,1.0,0.0,1.0,1.0,0.0,0
4018,0.0,0.0,0.0,0.0,0.0,1.0,0.0,0.0,0
4021,1.0,1.0,0.0,1.0,0.0,0.0,0.0,0.0,0
4022,0.0,0.0,0.0,1.0,0.0,1.0,0.0,1.0,1
4023,0.0,1.0,0.0,1.0,0.0,0.0,0.0,0.0,1
4024,1.0,0.0,1.0,1.0,0.0,0.0,0.0,0.0,1
4027,0.0,0.0,0.0,1.0,1.0,2.0,0.0,0.0,1
4028,0.0,0.0,0.0,1.0,1.0,1.0,0.0,0.0,0
4029,0.0,0.0,0.0,0.0,1.0,1.0,1.0,0.0,1
4031,0.0,0.0,0.0,1.0,1.0,1.0,0.0,0.0,1
4034,0.0,0.0,0.0,0.0,1.0,1.0,1.0,0.0,0
4038,0.0,0.0,0.0,1.0,0.0,1.0,0.0,1.0,1
4039,0.0,0.0,0.0,1.0,0.0,2.0,1.0,1.0,1
4040,0.0,0.0,0.0,1.0,1.0,1.0,1.0,1.0,0
4041,0.0,0.0,0.0,0.0,0.0,1.0,1.0,1.0,1
4044,0.0,0.0,0.0,1.0,0.0,1.0,0.0,0.0,0
4046,0.0,0.0,0.0,1.0,1.0,1.0,0.0,0.0,0
4047,0.0,0.0,0.0,1.0,0.0,2.0,0.0,0.0,0
4048,0.0,0.0,0.0,0.0,1.0,1.0,1.0,0.0,0
4049,0.0,0.0,0.0,1.0,0.0,2.0,0.0,0.0,0
4050,0.0,0.0,0.0,1.0,0.0,1.0,0.0,0.0,0
4052,0.0,0.0,1.0,1.0,0.0,1.0,0.0,1.0,1
4054,0.0,0.0,0.0,0.0,0.0,0.0,1.0,1.0,0
4055,0.0,0.0,0.0,1.0,0.0,2.0,0.0,1.0,0
4060,0.0,0.0,0.0,1.0,0.0,1.0,0.0,0.0,0
4061,1.0,0.0,0.0,1.0,0.0,1.0,0.0,0.0,1
4062,0.0,0.0,0.0,1.0,0.0,2.0,0.0,1.0,1
4063,0.0,0.0,0.0,1.0,1.0,1.0,1.0,1.0,0
4064,0.0,0.0,0.0,0.0,0.0,0.0,1.0,0.0,0
4068,0.0,0.0,0.0,0.0,1.0,1.0,0.0,0.0,0
4071,0.0,0.0,0.0,1.0,0.0,1.0,1.0,0.0,0
4073,0.0,0.0,0.0,0.0,0.0,1.0,0.0,1.0,0
4074,0.0,0.0,1.0,1.0,0.0,1.0,0.0,0.0,1
4075,0.0,0.0,0.0,1.0,0.0,0.0,0.0,0.0,1
4078,0.0,0.0,0.0,1.0,0.0,1.0,0.0,0.0,0
4082,0.0,0.0,0.0,1.0,0.0,1.0,1.0,0.0,0
4086,0.0,0.0,0.0,0.0,0.0,0.0,0.0,0.0,1
4089,0.0,0.0,0.0,1.0,0.0,1.0,0.0,0.0,0
4090,0.0,0.0,0.0,1.0,0.0,1.0,0.0,0.0,0
4091,0.0,0.0,0.0,1.0,0.0,1.0,1.0,1.0,0
4093,0.0,0.0,0.0,1.0,0.0,2.0,0.0,1.0,0
4094,0.0,0.0,0.0,0.0,0.0,1.0,1.0,0.0,1
4098,0.0,0.0,0.0,0.0,0.0,1.0,1.0,1.0,0
4099,0.0,0.0,0.0,0.0,1.0,1.0,1.0,1.0,0
4100,0.0,0.0,0.0,1.0,0.0,1.0,0.0,1.0,0
4101,0.0,0.0,0.0,1.0,1.0,1.0,0.0,1.0,1
4103,0.0,0.0,0.0,1.0,0.0,2.0,0.0,1.0,0
4104,0.0,0.0,0.0,1.0,0.0,1.0,0.0,1.0,1
4105,0.0,0.0,0.0,1.0,1.0,2.0,0.0,0.0,1
4107,0.0,0.0,0.0,0.0,1.0,2.0,1.0,1.0,0
4108,0.0,0.0,0.0,0.0,0.0,1.0,1.0,0.0,0
4109,0.0,0.0,1.0,0.0,0.0,0.0,0.0,0.0,1
4112,0.0,0.0,0.0,0.0,0.0,1.0,0.0,0.0,0
4116,0.0,0.0,0.0,1.0,1.0,1.0,1.0,1.0,0
